-0.17010274863674268	-0.07905151712246247	-0.1261740650679759	-0.2500395186626413	-0.285020135834273	-0.09862278865420113	-0.45241160393612356	-0.3191418808243538	-0.4052534032354787	-0.48695787562083914	-0.47651448763728965	-0.5926163416582799	-0.5368589599681213	-0.5790069786934384	-0.6506227181798239	-0.7157012128720852	-0.6720106187060142	-0.8815274186476804	-0.907350490104829	-0.9522553987819224	-0.9617840797375483	-1.2439785953636384	-1.2617967248830682	-1.0022139651834086	-1.2878604076961457	-1.336863519987704	-1.2635259131820977	-1.3610264240994228	-1.4946552032549123	-1.517194612513647	-1.7158928374391538	-1.6012571320634963	-1.5509151904668557	-1.6651575735251445	-1.774900394226671	-1.731525009326879	-1.9174877074043752	-1.8066950864033007	-1.8614484297938003	-1.9736192442805622	-1.9274630298010287	-1.9747243828319592	-1.9261382316631157	-2.36312705650157	-2.3205365846102595	-2.1085935232952115	-2.2824646698591664	-2.3907517472654187	-2.468062890550785	-2.2402879742599606	-2.528124293901243	-2.696142165427625	-2.82637245338429	-2.5179529777520937	-2.7828295379504575	-2.5352219592293492	-2.945951634603073	-2.9664856199793204	-2.8984129323220733	-3.0357464556043348	-3.1704060777923084	-3.1605265820899864	-3.117945109679096	-3.183154255277697	-3.2268485810233396	-3.124081589428305	-3.228718804515407	-3.4970609036615574	-3.442360287573374	-3.4000171828064136	-3.516988541842309	-3.5569302091312	-3.7873075928588995	-3.6976255029113365	-3.7987375553372633	-3.779846200419134	-3.8277022774482137	-3.9109116833474125	-3.790605888162899	-3.8878545823444055	-4.013917559238041	-4.179907739100503	-4.033712642819327	-4.189750120554967	-4.226833498334296	-4.163264684779858	-4.2650075550847335	-4.368325489161006	-4.492958726708871	-4.650616469004919	-4.49803849890117	-4.670449052605155	-4.880021968848559	-4.7593687320462275	-4.7823396516333645	-4.753414118588394	-4.968641928626617	-4.745940129558783	-5.006318880253135	-4.9735550298501865
0.17135199525242778	-0.048334869583462226	-0.025430882517251785	-0.1531035733456131	-0.2975106352942211	-0.17829815543190958	-0.46211934313757935	-0.2272952046483583	-0.36937658925817707	-0.4813797778729645	-0.535571365548854	-0.6729244756556092	-0.4679056883649495	-0.4772350966235205	-0.5756911547785751	-0.7771569333510889	-0.8193337034671472	-0.7245522444372586	-0.9185672189402754	-1.0715407895784543	-0.9836023185450511	-1.1747056505562599	-1.0666044287456808	-1.1558376286119831	-1.0652726874001526	-1.2985488315342752	-1.3134353902777727	-1.3958378272903322	-1.5316872782188917	-1.660318446946961	-1.4419390959960496	-1.4423882171148323	-1.6511567631697033	-1.5232521674423427	-1.6807023425958807	-1.714176450264547	-1.63685744899794	-1.875854342142095	-2.150587260657521	-1.9407911063229824	-2.040350553960192	-2.127826212756345	-2.0413326696600067	-2.194802492383181	-2.163116756523202	-2.452321960548466	-2.374906051378474	-2.340386852324049	-2.4878235196968896	-2.4431712980853284	-2.5902182527057565	-2.630057544098047	-2.7457251981542603	-2.6554973034570346	-2.7553252727457362	-2.9210277674601186	-2.7046466672993774	-2.8652906066773287	-2.6396170463449016	-3.0675475618683863	-2.988746803971024	-2.941009898245821	-2.844695376198984	-3.227473006511744	-3.2299789852720475	-3.342022638701486	-3.4413054890331134	-3.6007759194033953	-3.4418986724592053	-3.5710390662054086	-3.3903740092727754	-3.609077419783366	-3.4145685254998663	-3.7227888156374234	-3.7037320331868164	-3.6373493927872382	-3.7971225967637126	-3.987717300137241	-4.027715023840557	-3.9935084013759687	-4.097880276953413	-4.069126957921799	-4.29182934360586	-4.190171143232609	-4.244102893913644	-4.309671917918755	-4.304489227749225	-4.43833935489896	-4.576019406557321	-4.596475213038379	-4.644497277848898	-4.55992778471562	-4.800910700999144	-4.785425095829099	-4.713574352253605	-4.99218672263078	-4.775602570328153	-4.809483073356086	-4.907053454133328	-4.962269593506976
0.0037856009992616305	-0.08110108583802936	-0.06434443951880267	-0.05043788271997103	-0.18748591531978326	-0.2242938703302893	-0.356452003962741	-0.4080059627982716	-0.5874485838311664	-0.4856172031321957	-0.5561405747208115	-0.46259753983861435	-0.7719723401388127	-0.5949954760688323	-0.6928758974534841	-0.9140999522484542	-0.8821545196615661	-1.0314773494858263	-0.9492917546428635	-0.969446549129491	-0.9671339825208157	-1.1537193839647533	-1.2824732473978986	-1.2425546805588987	-1.1900525764169616	-1.430450219956291	-1.1597620949571026	-1.2823405060831232	-1.3838675439233137	-1.3492393539903773	-1.5029370220655904	-1.6162847397173825	-1.7423072182275987	-1.5984074387949472	-1.8732800586407787	-1.4771943851901863	-1.7321724226378623	-2.078318768052452	-1.8895799339020616	-1.752264483502001	-1.8584659030188837	-2.119925728885567	-2.187833005976124	-2.2245577162426557	-2.263284533014145	-2.498764309578321	-2.2952988348467653	-2.276088435235957	-2.503798800534334	-2.474448810966628	-2.5049291162685052	-2.6816681739137014	-2.6198904357582027	-2.5615579141136235	-2.7605744823960787	-2.884856468626685	-2.7357743542275177	-2.9105338879952396	-3.036856181921412	-2.893520076672204	-2.8060010826967017	-2.821827937624176	-3.10871811834006	-3.1830581882002416	-3.1975452540309224	-3.4132361976372163	-3.4355043957394784	-3.274567759052709	-3.4103322829834215	-3.5359563711913338	-3.5976019506686443	-3.611152553457701	-3.5266319813330362	-3.527029734850884	-3.5480334252865786	-3.783033399220318	-3.7833900531531226	-3.796417274410802	-3.8591250170507663	-3.8976812142605035	-4.063698654125903	-4.07062910184478	-3.9920815719889733	-4.359562849287115	-4.086114493399718	-4.467596159369176	-4.349909700322218	-4.3076327638444685	-4.376486044143153	-4.490774802045709	-4.316626932602623	-4.4236959083374625	-4.463185100624395	-4.727252691971698	-4.6107267597640735	-4.706337620801632	-4.880241726534755	-4.807861486662691	-4.857960072610474	-4.786261418022066
-0.25906891863922643	0.09358255307938634	-0.14408150251300875	-0.2946841760870665	-0.2601047196627355	-0.2624247598783265	-0.38415116439927816	-0.27993021840018883	-0.48596405914787233	-0.3359213536070866	-0.3634647562419851	-0.6706267171319193	-0.6140846035072774	-0.7738152058223912	-0.6703527669840443	-0.8550593430358212	-0.9282622073058494	-1.0114964759783263	-0.9673533628167958	-1.005634130729983	-1.0920974456788746	-1.0159440400539672	-1.0781850383040525	-1.0821428134482582	-1.2517634776222928	-1.2574616141872388	-1.1632261310800849	-1.3189670457140683	-1.4364282083839819	-1.4149983367463173	-1.662477370186708	-1.597956324796852	-1.464935156598532	-1.7300128189406034	-1.6035038447096484	-1.7100850053631285	-1.7969460209231598	-1.8110579598047984	-1.767463243772096	-1.9971203661136685	-1.898233222426355	-2.1180985304982927	-2.0335431009832985	-2.234553649870316	-2.2963462026075736	-2.2262939759410263	-2.5650614472850797	-2.403597143955827	-2.3176348272204943	-2.779550565761056	-2.573559853359397	-2.394595567857622	-2.6558805133898136	-2.6890847379921854	-2.70914429986334	-2.7810644552432127	-2.8957980741159384	-3.111438929509241	-2.9109588377383306	-3.0103684739994008	-3.037746267921319	-2.9385367846490844	-3.1704080974095645	-3.2834633346829536	-3.0555885085497967	-3.168337346277542	-3.197630306005432	-3.4257945274868544	-3.3432149306610945	-3.5008614365943282	-3.6454765503373245	-3.6600457079876487	-3.5372597635136507	-3.665493516486821	-3.7737136393231427	-3.8987489509205866	-4.020796930777604	-3.791432018333974	-3.9355349847445646	-4.124046513237706	-4.091627177463152	-3.9431305228097098	-4.221547864898136	-4.443013397454594	-4.125694438500788	-4.391171717639519	-4.259310811651551	-4.366413227446859	-4.453967556600999	-4.372200132130046	-4.466263213437733	-4.50706349417859	-4.634700500637655	-4.732057635131653	-4.87024025886768	-4.818460204635661	-4.845986927398074	-4.867190097387193	-4.730196516126636	-5.11304821502475
0.013951726924322675	0.042070765000637424	-0.006226965301557516	0.013830358627636402	-0.2353066108990612	-0.16721488607074741	-0.37659688407701036	-0.43173106410791123	-0.4420067546132417	-0.37370926413145206	-0.5315715506740737	-0.4876572074336227	-0.5996864963204888	-0.5574067940590091	-0.7307902405151824	-0.6631887060502768	-0.6833995544952526	-0.8845462634493417	-0.9993113323531074	-0.8884300354491823	-0.9511524085381785	-1.1487023631498656	-0.9652938110066192	-1.2264688281503624	-1.2074459283363141	-1.2136914271497448	-1.287341240322496	-1.4772742680230344	-1.389112444968719	-1.3745683482790452	-1.3975202838469236	-1.3991237048340779	-1.6718203396472988	-1.565842632865472	-1.807722082661079	-1.8673985828323325	-1.769644381246214	-1.7959235293177578	-1.8969180111864206	-2.043969321183026	-2.0900415040359883	-2.141886035105556	-2.0666124426539496	-2.2891648029748226	-2.2897539303728807	-2.3840319720652845	-2.300763353579887	-2.2681932034316827	-2.297793518529014	-2.508283685143763	-2.440610371912644	-2.68263732003403	-2.6689172940031836	-2.7135322905854338	-2.933529378660677	-2.9010215172725085	-2.9198640609888367	-2.9147790960258866	-2.839143385905867	-2.9250345963023165	-2.946195526404181	-3.183946064375624	-3.1249461683809105	-3.085144861013316	-3.1122223256036197	-3.3647292998211276	-3.6385868966916974	-3.54900622348535	-3.598128521688653	-3.4478774795960105	-3.516773093231489	-3.478501272248937	-3.5575815133249633	-3.6969022015699715	-3.8681353951703334	-3.712506690736057	-3.949895336648456	-3.817935077511642	-4.007415037374698	-3.9373048678866507	-3.96709497049752	-3.906362226752428	-4.212223602486534	-4.171107749569114	-4.313957707299838	-4.46526808252237	-4.289234261860359	-4.375191414474079	-4.376768373668888	-4.38543275778464	-4.600813754440687	-4.515334464759645	-4.6329695695979005	-4.833939677558959	-4.768597264465019	-4.707670277553962	-4.774138241637261	-4.832740160415067	-5.10384565040773	-5.011068668272881
-0.036697365044468376	-0.08683700416005494	-0.1255087322278467	-0.11782346366566435	-0.29376789667408343	-0.23262496765790835	-0.37619435753560293	-0.23014474410478472	-0.5604889035288376	-0.48515478737485873	-0.5013688952782509	-0.5433595016846267	-0.5080173726942668	-0.6484673511570875	-0.8677239520592213	-0.7272927779893179	-0.712325458321163	-0.8311376430029203	-0.8374755964208349	-0.8540060375302888	-1.0455443965502473	-1.009891298309529	-1.0593707667774488	-1.2007867992291044	-1.2274314795726313	-1.2356207509138504	-1.268680139515363	-1.3540276518715344	-1.3026791663660118	-1.5100594553609537	-1.525712587651381	-1.4764449104924329	-1.5817857354553375	-1.6586047651561935	-1.7547987984270068	-1.7209334357439166	-2.0607508039128097	-1.8566937834319557	-2.0015605143860196	-2.0755945545247267	-1.906330411763002	-2.233410740722184	-2.1688544831552488	-2.349473389363417	-2.1852631886938205	-2.3679300295140506	-2.36205811574025	-2.2852997918693734	-2.484843951756784	-2.5577620077718612	-2.7815335653481674	-2.5667505643417687	-2.528643409107616	-2.7817809840541865	-2.7997741913310805	-2.594436380813446	-2.8518998238183833	-2.741040649007768	-2.8502065934292933	-3.094148220426037	-3.092494788431999	-2.9599337615648653	-3.1743048310792212	-3.0980821270807173	-3.2149081609324734	-3.247909940024801	-3.310057785265555	-3.395592519824152	-3.5366989707814462	-3.4793021355790046	-3.5754205859924584	-3.7497299203230274	-3.5484845372930085	-3.5727269597863387	-3.82273400848228	-3.689358850302855	-4.023414072070391	-3.865067313129116	-4.04803684348553	-4.097222921267051	-3.988424889454334	-4.2103532892968545	-4.195025693329337	-4.319631306195406	-4.199688792350858	-4.319554378289422	-4.22793737928069	-4.58646557531039	-4.412216573393219	-4.442190203499165	-4.622566062963758	-4.625294739647099	-4.648092050104583	-4.711788814942012	-4.8704903042568155	-4.912972661357615	-4.707705252178459	-4.920522557160241	-4.86885998800963	-4.923995074501499
0.001801188737616992	0.03100066121095641	-0.19120085624444172	-0.2469979936355345	-0.27619277993131597	-0.20542033899962042	-0.29676481900542473	-0.23729570400125155	-0.37957247496651214	-0.4671399446360871	-0.541853931385271	-0.6426689673548961	-0.5510546115976401	-0.5271865366563184	-0.6177500338266978	-0.7551537008878859	-0.8753220503947978	-0.7106947113951723	-0.8553568336389695	-0.9090689737174887	-0.8983048441617562	-0.9142707742173228	-1.0198960412347209	-1.1431396123807525	-1.2407686748311455	-1.3834339833594367	-1.3073205964889423	-1.411287500253609	-1.4421896623263406	-1.4604318390608317	-1.3820908754491978	-1.6908444297272134	-1.6090338678106395	-1.706996586859626	-1.6973001801722718	-1.8529185155206511	-1.7938895302401607	-1.7952454173562384	-1.9331979938504231	-1.985281628162565	-2.0269514044967796	-2.236927595471867	-2.024765210929774	-2.25237595358137	-2.357728844056763	-2.243670668976055	-2.1321555929271536	-2.375301688228658	-2.4223949507903044	-2.564583029882305	-2.6565189785830174	-2.4107684742865017	-2.7307241855945863	-2.648834704884623	-2.680920532287174	-2.7771936480652233	-2.996109988587242	-2.9615653164170364	-3.0381780696802396	-2.8703193534611664	-3.10361411017156	-3.2184720379080827	-3.085778823162136	-3.221993366370823	-3.3453232151675683	-3.220936389147159	-3.3205958704835377	-3.4672423315818692	-3.305949784936683	-3.5398594073698044	-3.633231499365089	-3.562605566744358	-3.7574400043624734	-3.6300299242266387	-3.852154277130272	-3.8029796163431744	-3.7731010035105483	-4.056382169966639	-3.788062151649614	-3.9865801457533476	-3.952342496984258	-4.2144123632529995	-4.225986457005637	-4.13624046470306	-4.126275086382132	-4.214158136054662	-4.36776969974403	-4.439903275396621	-4.579558985274291	-4.306536780914565	-4.691797632054881	-4.568854042084912	-4.675358808223255	-4.729848053854539	-4.841408142105555	-4.869182048543068	-4.779447458743713	-4.900930977815387	-4.907605966399061	-5.077424612772226
-0.006984587612506233	-0.27328756108175745	-0.0985185071840348	-0.07875089668711559	-0.3198205411215136	-0.06637977208878415	-0.2566105303327098	-0.34126477652092174	-0.19276689722124923	-0.46439304532842574	-0.6043594341609992	-0.5450593381726138	-0.5797261985432262	-0.7512977030514262	-0.9109377517901974	-0.8492444345738566	-0.7885467046368237	-1.0007434689773098	-0.9631058135771909	-1.0826849154937288	-1.174478450318661	-1.1621161313850537	-1.1440432184450213	-1.2162813716499299	-1.2626463454652657	-1.2528461039174208	-1.2422306396446885	-1.2319413231780578	-1.326796757350888	-1.3634567201831946	-1.574349790788625	-1.5470393812948964	-1.5790140934179206	-1.4173789928896454	-1.6155655842369012	-1.8267153649518044	-1.843969520844929	-1.9421865995489285	-1.9929066484365925	-1.9739273713983527	-2.0534792096748444	-2.0675379596451333	-2.1629435231963074	-2.0454300282963183	-2.0939447299818372	-2.2506419868078447	-2.195720044948537	-2.321430389903057	-2.3991165553592184	-2.3798122102119583	-2.59471667358144	-2.4290695486375595	-2.490580704663144	-2.8002243730291814	-2.7848866191605075	-2.7860817372399884	-3.0105703890433677	-2.8368531238179924	-2.8052355727128386	-2.9026603518997995	-3.015353436230141	-3.05987037348052	-3.050745563406279	-3.225273759437895	-3.3223031520107638	-3.271249185822689	-3.30235675167015	-3.2588671101281617	-3.6000497445702075	-3.459956079509051	-3.6249648850442697	-3.60810000666837	-3.8007944626556327	-3.7408289814227422	-3.6788812604752614	-3.7487052591764143	-3.6794808502160388	-3.886873824979797	-3.7518354799831104	-3.996829275558628	-4.0067132314726495	-4.083674693176949	-4.099285690317758	-4.136348935198056	-4.52872305730589	-4.305607627887117	-4.418334991401538	-4.462143796594434	-4.3349585442142216	-4.527961775570131	-4.576973837700433	-4.4978777618442525	-4.787303143144986	-4.822171374050275	-4.644741977024513	-4.829335083788404	-4.928200657485066	-4.838734963660788	-4.743636288240044	-5.0849455928333605
-0.1711115850050222	-0.07602222288759607	-0.1281480880534992	-0.2143643029062215	-0.16788948143176916	-0.3773314781456066	-0.08031928367258145	-0.3525104631933111	-0.20879647050687786	-0.6057967812497913	-0.4512035951076238	-0.537916673847192	-0.5555506243929208	-0.6580380205020204	-0.6806641689672661	-0.6530054091507981	-1.0580576512372624	-1.0616436241595895	-1.0403660588956243	-1.0952656831240044	-1.0269167713385579	-1.1157807105895141	-1.0777566286542188	-1.158169843281212	-1.102989695401846	-1.3756172598521257	-1.1110673265708042	-1.3058995061324798	-1.270381838738133	-1.5789153728577696	-1.7842174457328777	-1.681790472845838	-1.3495696553532344	-1.5907666906835325	-1.5337947051782421	-1.6762570254906566	-1.7453971801241566	-1.8401877412847547	-1.895631839344807	-1.9583921097785018	-1.9655173237386239	-2.1232758841718296	-2.1310713372765666	-2.0457378404656374	-2.2477731323301646	-2.197939365033296	-2.3338470654865944	-2.41210445788067	-2.4035880001169683	-2.4012499848782998	-2.5129799969488977	-2.680789211293152	-2.6922578912892607	-2.6634374518734933	-2.6343684040095203	-2.6555427216043603	-2.832945652035385	-2.79934528340289	-2.922840125701041	-3.1667912585053517	-2.681157845622321	-3.0055811614352193	-3.1530322411545235	-3.0538823654323375	-3.160416700144125	-3.210694998568559	-3.354819374805244	-3.495134149368919	-3.2496925741749445	-3.4978882088073733	-3.534132747327424	-3.576379120527797	-3.7818229112235535	-3.674470917820212	-3.8612216211023354	-3.7548705197779997	-3.7258012925021697	-3.8317741118713533	-3.9866309484952396	-3.904594993457024	-4.104772090980526	-4.033933682089453	-4.264892245465181	-4.1382539959224385	-4.128987554866012	-4.328930052875519	-4.492191377406766	-4.502437508311084	-4.536539213191926	-4.659994270199523	-4.427451994651662	-4.726753300547987	-4.655940587984892	-4.642415502973599	-4.730503511797407	-4.783544299405046	-4.708933833408972	-4.8284464760585735	-5.127528382937446	-5.104307900667318
0.07798637193826892	-0.2189811101763846	-0.0872983540677515	-0.12346286172225214	-0.21818816085147427	-0.34726495761164033	-0.24789447149036967	-0.5547491048632532	-0.33894389241744205	-0.622672775314594	-0.4857799033294227	-0.47839222546014815	-0.4876687453276461	-0.7051615956520743	-0.616266043101899	-0.7662548562375328	-0.8094094024299185	-0.9509956455729538	-0.7638074220376944	-0.9427660188128921	-1.1008171734694963	-1.0455638584169265	-1.1264990253924136	-1.2335615726736842	-1.2464354968245965	-1.106904782917217	-1.0837013460233038	-1.364814260688729	-1.5377297811135286	-1.360035992044484	-1.6640475150515104	-1.667377090262093	-1.5161454366766067	-1.6048592192211748	-1.9528188496669263	-1.7183231614619447	-1.6903986546869099	-1.9565062463007292	-1.806485282497182	-2.0107549859015865	-2.022678243624909	-2.1866734964752013	-2.1990043751340957	-2.2811992099391203	-2.222758770712415	-2.3573714902394807	-2.0999592929081747	-2.3226630819381673	-2.4047348072045804	-2.527050142098798	-2.469488164723884	-2.505149414493912	-2.6990383344713478	-2.678812863027561	-2.779064591880818	-2.6729915484214	-2.784183503890904	-2.892416498586538	-2.767628726579522	-2.9984770429057317	-3.1159940824053476	-3.0755478018744746	-3.210506710084789	-3.2044875582711536	-3.1992240716863516	-3.319326477588096	-3.5457336787239844	-3.4867523069289454	-3.5323763845200538	-3.6419958492308977	-3.6276616479263426	-3.526942100566342	-3.6131051818445092	-3.707971417797031	-3.86050662311635	-3.5952058918776566	-3.898953610219511	-3.857832453982394	-4.259354113717209	-4.072298892409526	-3.9197377092758856	-3.919098707374478	-4.1967284897200345	-4.094526081887817	-4.287527548196373	-4.284022100091697	-4.428490767707751	-4.457192864341726	-4.475933128189933	-4.435865478153647	-4.430411270539217	-4.650271231583973	-4.685314383700894	-4.70599767301304	-4.685315306984845	-4.862149764881922	-4.86249101799864	-4.93709878981193	-5.069479413673372	-4.92932200174256
-0.14615934114017576	-0.2124083463766836	-0.14892522197182595	-0.14723762549158098	-0.33947119207991033	-0.30555972348928484	-0.2872993048908134	-0.298104509921884	-0.40278837456718286	-0.36959779601391185	-0.5647871533035594	-0.37737792670368886	-0.4774445681707673	-0.5634489902128976	-0.7602275555030862	-0.7996465617765217	-0.840368955198522	-0.9603131919226984	-0.8745022438358996	-1.0030640456907958	-1.0476067319814684	-1.1606859652295891	-1.0624571956327842	-1.1359598617682574	-1.3636823856539197	-1.2757400247708133	-1.296124900308111	-1.354896195750246	-1.2679126913711334	-1.5988125152202735	-1.3898683347568839	-1.692336810546343	-1.363409812142327	-1.7147288975276727	-1.7684683735628015	-1.7779198482592864	-1.8968666264651586	-1.5837654561501586	-1.728481254615519	-2.121692527254253	-2.046153892366545	-1.9535760980635144	-2.2135675360885836	-2.1082609601142703	-2.165813147203675	-2.1141746334379734	-2.423154989664928	-2.2638072454957623	-2.314524818715493	-2.3158287867121525	-2.4950092160323787	-2.4838995982914334	-2.5094481554741273	-2.5564280505431114	-2.8404707102774296	-2.8509676729309943	-2.76153050617963	-3.033449105000353	-2.9642058927870325	-2.927352302791939	-3.0734451056145495	-3.0216998695887303	-3.151412580689308	-3.138913796091588	-3.250966537335723	-3.0150556962434054	-3.1885128760301975	-3.3562796757369804	-3.4536319423749506	-3.480001614217795	-3.6307925814443545	-3.76367092818422	-3.7357341824911066	-3.4928952600053993	-3.6733248305334576	-3.689917286456042	-3.874441271233161	-3.7273952443389153	-3.9005647155884895	-3.895686892246005	-3.8994059712016718	-4.0663888735719755	-4.01378304956649	-4.3419724070297026	-4.35949352526418	-4.369691916877707	-4.27940166042978	-4.499230752350081	-4.431881271909966	-4.4746467552008635	-4.471409947162192	-4.481930692992496	-4.55088591228979	-4.644659898602278	-4.720546669345343	-4.790913121084651	-4.859719695005527	-5.122876746100284	-5.144568372928581	-5.070009679123427
-0.05706919365335488	-0.09583850953501455	-0.04534307615820703	-0.18964244229886656	-0.055704334415720286	-0.1307299678595524	-0.23565301747612627	-0.4167413856899863	-0.3979439826042276	-0.3919860567672139	-0.49304088082517183	-0.7345804257172162	-0.4813575777237506	-0.6872879118194959	-0.6987715448162155	-0.7696691311485628	-0.8202337370923045	-0.874811656501359	-1.0721369693134544	-1.065699763616779	-0.8938642833421235	-0.7704209862602545	-1.1256556568450469	-1.1694871179917083	-1.4574879339409315	-1.2295105737210286	-1.3543491381529673	-1.3080560607685319	-1.3168184954784365	-1.681734601826477	-1.6063135017195074	-1.5645995922190334	-1.7624040335053697	-1.6751455250903102	-1.7505670898859915	-1.8048125167785436	-1.906100836552674	-1.993996562324088	-2.0544686204207476	-1.972254502580775	-2.0549297378077886	-2.123509092205476	-2.38216295192177	-1.931793905647763	-2.3476843891596806	-2.275848098471799	-2.354887089791844	-2.5840644073384635	-2.5836759409745267	-2.5816882028482158	-2.457647872771154	-2.5664823335064653	-2.5363424628059077	-2.7360195916838594	-2.7601786566033466	-3.0703058234399174	-2.8057108652356786	-2.7129963304508387	-3.000496720106	-3.2251540652518145	-3.03745853872646	-3.13398448234542	-3.128441016845253	-3.1316646062291085	-3.3226810813103382	-3.2971220518472566	-2.958501720260785	-3.426468787972052	-3.436128451625941	-3.5477713653760574	-3.5752347674352865	-3.627103202782365	-3.744591313051029	-3.6994827939679755	-3.6403015373089502	-3.8875608666285046	-3.876197434613012	-3.985003525543342	-4.053258251891185	-3.9268203573713385	-4.115273475670834	-4.033234385040739	-4.125825974965858	-4.383525600748115	-4.3593562287742795	-4.263427033477116	-4.355363056468374	-4.499844385025711	-4.301693969247539	-4.615681764066472	-4.545049380543802	-4.813452978421586	-4.736676527266082	-5.0104227026288095	-4.850039256259506	-4.756968908710511	-4.836261600005884	-5.0135234896919085	-5.029948137812386	-5.0230074631561825
0.10040214891237231	-0.030740844640046255	-0.24103037368402036	-0.33474525116311504	-0.1935628936134952	-0.26208957886894824	-0.4060447142299366	-0.42048028858704545	-0.2676712378870778	-0.41554029401168835	-0.2469262754130636	-0.6495558389934417	-0.5994569249383586	-0.6797812412575139	-0.6656630494618994	-0.6563104001143624	-0.9767074190291761	-0.8475463297569034	-0.7890193717356218	-0.9901841639142482	-1.1088915941481998	-1.159275544312202	-1.0974904334857571	-1.0143767817354752	-1.2668244835069946	-1.3029572686340067	-1.317627016591639	-1.5387158538496912	-1.3493829499994328	-1.3853967970626964	-1.5374337598375936	-1.5039342439886227	-1.5945101828386736	-1.567150439376526	-1.7360066409344304	-1.7366488469601957	-1.5755736483979828	-2.0184602774600156	-1.7870418528524528	-1.7503157986385236	-1.9914803663819842	-2.0517259858301595	-2.2208235617696848	-2.0032873285053356	-2.264455220986851	-2.1830406384244276	-2.355473761862499	-2.263488426681674	-2.500853989578798	-2.377813834006381	-2.351179592161668	-2.389068462227428	-2.391363963771116	-2.675186375630382	-2.703159106203957	-2.805339263770978	-3.008472535274342	-2.9545393041205696	-2.865897171904676	-2.9919979358607742	-3.0780399419339672	-2.9738165509315206	-3.0554037032079275	-3.192510499632112	-3.259499126214765	-3.2173923964017437	-3.2694780807562784	-3.3402023589975545	-3.4827603507411755	-3.737456281247294	-3.623253026661125	-3.529711030083421	-3.611429423973441	-3.737422053146057	-3.7139112759209647	-3.8910336559756047	-3.6698534747426415	-3.9001084037082094	-3.95298098919756	-3.927020196520167	-3.9966467334021147	-4.0901630913520295	-4.203883518089644	-4.302938206069404	-4.186024369909016	-4.3480904639507605	-4.3525607528222805	-4.446813484234993	-4.487984574902084	-4.5901256674769995	-4.340948454444068	-4.376379957662638	-4.520561410125535	-4.7795984515509815	-4.810221807757761	-4.898983522820547	-4.867303965253334	-5.13389566211728	-4.916907008909342	-4.973279674184526
-0.021764683232421988	-0.13971357245173388	-0.1703748008738065	-0.12909945674530873	-0.204032233282163	-0.15075404501934508	-0.1982228741374125	-0.29373965653866485	-0.2689460735996659	-0.41337495094160376	-0.48442170964387066	-0.5841893780399785	-0.3986318203660526	-0.6426765522772014	-0.6131826428714382	-0.8603955271430945	-0.8281603835720198	-0.8423190800009991	-0.8982320686443583	-0.8794152092636858	-0.9821652960737954	-1.098369466015281	-1.1602810443911287	-1.1466709704755775	-1.22280577214982	-1.2771442375644604	-1.211279860889653	-1.2285383810953219	-1.3516347470067853	-1.4630303632686643	-1.449604520382853	-1.6435028132870295	-1.5907601370342166	-1.7362585743351864	-1.5782133998855812	-1.8645444413944532	-1.8120023774784677	-1.99777187214161	-1.8686503366398455	-2.0967441223675225	-2.0705764955086816	-2.1065157003187904	-1.9583185192975547	-2.088414564045332	-2.2209462571617467	-2.319584227903779	-2.502842641401803	-2.7518793049374617	-2.4046838491218243	-2.4744206714443453	-2.6897636313985327	-2.387091988507921	-2.524935664466108	-2.652141500811697	-2.7814961036032804	-2.8832954746423107	-2.968612583492461	-2.82221202770807	-2.8811474264999335	-2.939636266759721	-3.082779837871052	-3.0804698365412055	-3.068278052996976	-3.21374851958232	-3.0269965487807653	-3.3090803076130046	-3.410557613183719	-3.2747877216657946	-3.531102414254239	-3.43997294990937	-3.454131080033534	-3.7172989585544913	-3.6519337824309126	-3.635876266378123	-3.6539277833658272	-3.80159161084422	-3.8089997204242083	-3.6612163658671655	-3.8879627502408267	-3.9925870985344103	-4.186224938515164	-4.124664970667144	-4.224605985100555	-4.243756465518998	-4.194007603038781	-4.319032625280382	-4.493923037326882	-4.39792323024159	-4.445760380531368	-4.546900513188963	-4.586795396348743	-4.630055014064399	-4.593453242150431	-4.6940687288032	-4.725344664805567	-4.8583319297503404	-4.754438093793653	-4.9267897599504415	-5.003248702648412	-4.961310618605831
0.04437878863192951	-0.14000087265126201	-0.08418577760427998	-0.14508193838071565	-0.13906353546786832	-0.4742800149044459	-0.29712422563186647	-0.33228643673909647	-0.4584413745113299	-0.5611742942691909	-0.39506635530549594	-0.38656215969797614	-0.5613795455981645	-0.5818156905326654	-0.7424756166146971	-0.5440854021638675	-0.9175716979070587	-0.8323289664703237	-0.99110158800368	-0.9467484783708975	-0.997857955815888	-1.2202688164671476	-1.156028114542856	-1.2112428337729384	-1.2527690185886011	-1.4479817153603445	-1.4330110407619265	-1.2626776836384257	-1.3827136068251886	-1.2934479088658293	-1.5478951292174497	-1.410096677794758	-1.6984350558388512	-1.7698120433994955	-1.6859699467008054	-1.7037551237948458	-1.7550034042580278	-1.831072005843795	-1.9315342495969545	-1.9237016852477535	-1.9941226518269393	-2.05473801232485	-2.036479623794666	-2.2505119813693835	-2.26863065783611	-2.2252060946500656	-2.2131241145508955	-2.545870889942833	-2.4670425730850756	-2.4593193095854513	-2.549858802294887	-2.710554651496611	-2.6373194952555155	-2.651103229292865	-2.8485553438796627	-2.7252619351233114	-2.879772222389928	-2.9931743609595607	-2.886288297788907	-3.0265241223120176	-2.98451565775083	-2.861372061103444	-3.1930790477233058	-3.2087016456983775	-3.280843210149959	-3.177522818219023	-3.0609532635381482	-3.4862658574784136	-3.5501100382643522	-3.4454167923190946	-3.4519843142403683	-3.46837233887042	-3.7062895666939695	-3.672683822163879	-3.6678100642535356	-3.7710403734185105	-3.9107672527262265	-4.014266333202284	-3.8541963701664317	-3.7519795926545396	-3.911436432498469	-4.081782755665736	-4.078800357152999	-4.170437570933919	-4.425658537244803	-4.379899799492115	-4.386857682366521	-4.5764579807214645	-4.543214254532918	-4.598274383768812	-4.5031740293278295	-4.574879411946797	-4.64207018698798	-4.571565117830738	-4.6538469055983205	-4.79999393573697	-4.916761682293677	-4.971796503304505	-4.882719595746857	-4.847042206687346
-0.013230560427832492	-0.053052695654426656	-0.10051732934078107	-0.05588559843410666	-0.2966018069583947	-0.1358752959456821	-0.27340154039730646	-0.23916539268722797	-0.30363926546797926	-0.38298353951090314	-0.4562563103617302	-0.6428628188341935	-0.4735367310960523	-0.47468326451596854	-0.7644273082791954	-0.6949580901513738	-0.8938269601453445	-0.7630211623055344	-0.7564428653355189	-0.9297666153784416	-1.0027828278252322	-1.03550349584138	-1.105639985632566	-1.150712142656883	-1.0373708123297534	-1.226949993452126	-1.2927937368691855	-1.2460210155695237	-1.4752225820494518	-1.3675591434665164	-1.5540382798961707	-1.6979255291773383	-1.6440618659034512	-1.75517541509954	-1.8064094775861292	-1.8440154910095397	-1.7944984065994247	-1.931876001133443	-1.9361742782302602	-2.039632998585574	-1.8681059308653643	-2.0130369269310013	-2.3936302624579797	-2.114350706943435	-2.437645822650848	-2.3094787229469835	-2.34729617325839	-2.3958435148796062	-2.2994630962484237	-2.4590686070230547	-2.4748901239872376	-2.618172963658546	-2.6734420974156645	-2.590440768696917	-2.7186918087742624	-2.740394036580821	-2.8210410736527183	-3.0147166677084183	-3.22924114058224	-2.8923508943425387	-3.083742382171168	-3.107473697741114	-2.9701499647564247	-3.201591165487554	-3.1630814307976105	-3.149651044463364	-3.270194068288671	-3.3818201221623676	-3.5096441871814266	-3.514800621899025	-3.5040074643540216	-3.5102965200922296	-3.6234336671975047	-3.8186765306008637	-3.803185292962652	-3.8638003507369296	-3.8319058365208916	-3.7416741514966123	-4.080703090511121	-4.193005093573294	-3.9318496961139515	-4.131621857901482	-4.130259799096558	-4.206541113043014	-4.219019860284371	-4.208069525150759	-4.331191925040003	-4.339554692862579	-4.661093060171013	-4.357291519457591	-4.538763131435453	-4.4941234949738	-4.590297625725301	-4.748496761900324	-4.653996881453676	-4.883032988280064	-4.746714198599368	-4.782157555639483	-4.783319401671157	-4.865072221024303
0.11716858765508437	0.16768808484003242	-0.2881356535139823	-0.18245377992084755	-0.154574721999546	-0.37487031534407905	-0.5634613779889557	-0.22622826231976131	-0.3246999842510886	-0.5886517938309905	-0.37714510582585314	-0.41720594500252817	-0.6376446438566052	-0.6106560472369778	-0.8808045441270128	-0.6941739263033808	-0.9237122724751043	-0.8386960410044602	-0.8307857167331505	-0.94661361246049	-0.9906296898113001	-0.9637791880177976	-1.1948435758119604	-1.0625213311572117	-1.2899261979708343	-1.4379500476901108	-1.1681635272482505	-1.6272208768761192	-1.492053170584425	-1.3585137930288655	-1.6832702570629074	-1.6365665780740621	-1.6796764545391114	-1.5744829525016355	-1.855980545690905	-1.6595582951659285	-1.6923994964633942	-1.7345280775806737	-1.924339332498518	-2.0815303315183455	-2.0997239516947346	-2.116518555444707	-2.109769338708233	-2.1599080699870177	-2.2623306428361274	-2.2859091790915356	-2.3998315463244513	-2.535493123079809	-2.4002124994756016	-2.656090302175959	-2.4522519469082518	-2.501140062349833	-2.6900411619141664	-2.7337196956461596	-2.848160143297904	-2.7711968596130436	-2.954651450700268	-2.9234624962285087	-2.852715182352151	-3.1336057934732007	-3.0035654102902356	-2.8313497206192597	-3.1713732895550146	-3.0425999439060085	-3.155193758720692	-3.3111204114367867	-3.2375937763739073	-3.497639955592506	-3.6419843479233625	-3.4894015482894103	-3.4667914142851983	-3.557425231188947	-3.566621514054736	-3.895939501036066	-3.7591764250280324	-3.7876117014445665	-3.9074644926832307	-3.7639878315002484	-3.790638889100823	-4.035440917729076	-4.025977554231854	-3.9777859377370604	-4.049091281390081	-4.341498598431154	-4.247771661354121	-4.289826305872688	-4.3013363557577575	-4.68693337363057	-4.3200161054653545	-4.521078795955185	-4.596531697405918	-4.568118937916844	-4.878743584901102	-4.672830783702212	-4.7954329456413465	-4.929557514060889	-4.832087029976207	-4.80398793361055	-4.748661634359937	-4.980963442844899
0.10578407184640043	-0.07476460060371706	-0.10059886385460388	-0.14705399687431436	-0.12117840754093759	-0.39158020952968164	-0.37074083399379176	-0.47986420589696543	-0.5215841308388336	-0.44209787184626165	-0.5413083581554998	-0.4545502000569387	-0.6149830035650806	-0.8479728559667766	-0.7737636897213273	-0.735047263140371	-0.7863685021818912	-0.6595150050828028	-0.927137228741154	-0.7958243012778536	-1.051332374381847	-1.007363881465567	-1.2012274507049914	-1.1402069745810766	-1.0368800256370234	-1.088894554166476	-1.2952857034740584	-1.3846360200755914	-1.5184278657603016	-1.5630131769831643	-1.4888053476313046	-1.5491895354698295	-1.620743719408577	-1.78643907010231	-1.7094612116921544	-1.8044094932022792	-1.8545380623590804	-1.8214045462606514	-2.0015466650591263	-1.8593827866531163	-1.9743950659215108	-2.059050915733917	-2.2280702298022788	-2.2236813964746585	-2.2521322781661546	-2.3666368447334176	-2.344923557255002	-2.2002736439267054	-2.6380185857907277	-2.479702025571163	-2.4663122954370764	-2.6241099376757115	-2.75994779431921	-2.6778820550156137	-2.6465605133698804	-2.990420462789497	-2.7557279954902603	-2.8522783985447053	-2.73914948789933	-3.111763085630355	-3.0024888950636033	-2.917290063899257	-3.10276589549855	-3.294752159796052	-3.326087036695106	-3.418834753501207	-3.2257823043407865	-3.2509331319512422	-3.417015855161346	-3.489438954368427	-3.457515558713184	-3.513226708254991	-3.618360769286298	-3.677986297791419	-3.6726363343068615	-3.8891426922202186	-3.849367657168661	-3.959040129496933	-3.8099878547497332	-4.111730023156998	-4.080079419184933	-4.262024699116045	-4.371258956736377	-4.150394731400004	-4.270819099665552	-4.483465610313526	-4.179987621929331	-4.391834749128708	-4.495219277262901	-4.523440799401915	-4.484611489448344	-4.550172417410152	-4.745929379610309	-4.775936480081559	-4.925081679828459	-4.814591669728421	-4.785006453702262	-4.948210766953565	-4.890889767418275	-5.130811683054797
-0.01561443114629573	-0.15529608738907896	-0.04868694759798013	-0.1308275063738362	-0.28787444651347827	-0.17819448335442478	-0.27420059009602393	-0.41241720260543285	-0.5199967496461274	-0.45117065235486303	-0.5551593749639199	-0.46729083775910407	-0.4922980197946175	-0.6537485364858309	-0.835515707140638	-0.7886556148091424	-0.7014728253791872	-0.7798992375001601	-1.1065493670766464	-0.9790759207059389	-1.1085659132998504	-0.9435833313080344	-0.9930338523296788	-1.2838306104589008	-1.3529472646024883	-1.171889840563101	-1.5768970248336371	-1.3770394923357339	-1.3980585361119684	-1.3333607974695039	-1.4564462738056545	-1.555656150048325	-1.6307752629724979	-1.7344244832589204	-1.6524553275091465	-1.6000788580318086	-1.9471710372745143	-2.0695679947306393	-1.9352692814300312	-2.0678948824922223	-1.900808534533927	-1.8016563184938135	-2.104165788032765	-2.274602949711809	-2.2895467070521467	-2.379472872015648	-2.1911697309800746	-2.4354844822158634	-2.378204274562003	-2.518268784793275	-2.744028699472699	-2.532432870629336	-2.7407016403744096	-2.741624778413226	-2.864310096572248	-2.7404069394347466	-2.880469035380473	-2.9152484314947187	-2.932917187509654	-3.0155354053695307	-3.1723117133258203	-3.0562851166388008	-3.033098096050954	-3.292274244987454	-3.2086568032276457	-3.373559782770516	-3.3226146108159114	-3.4210512072455357	-3.4922664380658	-3.3163546763267	-3.4194352984942946	-3.793139263466077	-3.540370741777613	-3.4831124193515306	-3.7537577848790296	-3.8856153896910177	-3.9086740523794297	-3.753448453707155	-4.108832700975277	-4.205468906206386	-3.9119389678162593	-4.198542742402614	-4.17150967796096	-4.328729281824064	-4.168246494427145	-4.183417745395023	-4.3091422043887	-4.272484336696744	-4.447484936790358	-4.368073084269105	-4.608032055360101	-4.549611188855879	-4.610236771945964	-4.7891125429222425	-4.719895466462639	-4.719400645841119	-4.653354916908574	-4.762400086559	-5.028765306739956	-4.7977357528804285
-0.0909108272528427	0.31446138931172996	-0.10812792713055537	-0.08898709456368309	-0.31767723096927036	-0.18157324728014562	-0.31286491095294383	-0.27112601547681436	-0.30513431757249815	-0.2749159965444365	-0.5568707087898821	-0.6922177676706793	-0.4554344840953154	-0.7054392250014049	-0.8114388228859002	-0.6774424014479736	-0.7108497027973253	-0.710103801045221	-0.9683955552138248	-0.9904468745066559	-1.1265918556849723	-1.1268449438614618	-1.1151616810817522	-0.9905083412390304	-1.1652404993937815	-1.034068252097537	-1.280654456554924	-1.2687500704402501	-1.5157162995955442	-1.4964821003007462	-1.4066787205419526	-1.6247734856908065	-1.552097990272065	-1.7823852168184577	-1.8019533778805088	-1.524295895364832	-1.9713902500714886	-2.025317142973906	-2.0021980671131137	-1.975285438234174	-2.055887000078353	-2.019491105735409	-2.1996316319451847	-2.2445339924631083	-1.9681063246995703	-2.3335193664141394	-2.4611899581295815	-2.3920015770888288	-2.3682969466196395	-2.626345282758238	-2.622959623516271	-2.548847487870257	-2.722278869096712	-2.9268432477141855	-2.751672574385063	-2.830228899445319	-2.7377715370443845	-2.689804544545612	-2.96148615238492	-3.1007199416472644	-2.9967494591548385	-2.931561799813	-3.2830847917438386	-3.2150741328572727	-3.2054091774608544	-3.262615823379193	-3.1513539114774125	-3.359762028784971	-3.451326397999543	-3.5097924662220494	-3.6114902181766086	-3.4948919616638956	-3.599243113732734	-3.4585582312777667	-3.6779666839184335	-3.828732684614878	-3.7331949324886224	-3.7412930056668547	-3.916442720807138	-4.045671688838486	-4.007694425961252	-4.170109212969828	-4.11525483796537	-4.202180803487068	-4.256761375342917	-4.345192151941259	-4.4461511983893836	-4.4395635177820285	-4.340326526854726	-4.673063491598011	-4.420284846462717	-4.540447548959463	-4.669423800737947	-4.5953900296974854	-4.577063058843914	-4.873610874293095	-4.871997182326353	-4.829605054831252	-4.960672536224992	-5.125887488922083
0.14712374563003236	-0.048391621766123334	-0.15457434389331223	-0.09885816369496123	-0.2815005614358108	-0.19844093620368258	-0.21568454491960953	-0.1716732900389825	-0.31778206512425927	-0.4176597824529561	-0.5580510483933341	-0.6879768951539458	-0.626380105839454	-0.6481438257677903	-0.8536129836792584	-0.8332565632906026	-0.9221861291685882	-0.7859383023197716	-0.897451309387288	-1.015045679739249	-0.9952283533482477	-1.1574889351885658	-1.2160892613818242	-1.2617185934855004	-1.2693253194536673	-1.3059023562920573	-1.0765048737719762	-1.4724106571554252	-1.421619051265722	-1.3022174203898094	-1.5615360192095056	-1.5378848247744026	-1.7684650016125307	-1.791566042610792	-1.529025351156429	-1.8620911600000016	-1.8789933342405922	-1.742590632743701	-1.9702181132622356	-2.0673709803570772	-1.9368916364352484	-2.22219633053559	-2.1472927167538263	-2.123061490292076	-2.1731671345258317	-2.3989919570684712	-2.247310377229849	-2.346136639738025	-2.406887908401941	-2.552861664473776	-2.398355564034833	-2.437124124914593	-2.4674711738455355	-2.731197996522516	-2.8345401765849387	-2.833816363090399	-2.9289617093624107	-2.8587206272880263	-2.981739875753764	-3.0351107286660968	-2.9092503096500066	-2.985284426218423	-3.2269937724134183	-3.167279322540897	-3.336457246316882	-3.2604885649336524	-3.3006415990439772	-3.470688353994053	-3.6283262944851313	-3.5994261262563416	-3.497119332208275	-3.5177288602663257	-3.7419880240503627	-3.51754584086162	-3.8320569038521644	-3.8935015628839174	-3.969433044050284	-3.8636849000214437	-4.13263077908362	-3.997876098275089	-4.076705971414714	-4.061622023304341	-4.293912461188117	-4.184928997800752	-4.192315128608065	-4.321168636737812	-4.426121933591243	-4.3189108342659415	-4.452390642428297	-4.653568906716162	-4.469914531505613	-4.529803418095299	-4.606593225968134	-4.579520837842507	-4.608113941219298	-4.702608710954814	-4.804133147949287	-4.817202492365771	-5.111773294676529	-5.099329997339988
-0.0308042015741523	-0.15057500607875535	-0.05565668568958489	-0.24130340941123768	-0.0007600207513779322	-0.14199433442541043	-0.08518349336394557	-0.3502369627627328	-0.29520356909008844	-0.45616123291968547	-0.6117746556661985	-0.6322863370943651	-0.7649950012411028	-0.7612618360658152	-0.5567130771945861	-0.6570004381203515	-0.532246517385947	-0.9297775157861424	-0.9717190352252205	-1.1240511254354313	-1.0348362034390233	-1.2064391057037955	-0.9500645516901943	-1.1877704943174126	-1.16792775286681	-1.1857282118118506	-1.144638260698276	-1.301852774975145	-1.3683696345473793	-1.5078005977303437	-1.5184844412932013	-1.5312978651530622	-1.6308921933186054	-1.965112071596944	-1.9076346385422716	-1.679496521099569	-1.7731845655072627	-1.8613294916509617	-1.9280370115379137	-1.9668700349272268	-2.0106600171306988	-2.2137880930626714	-2.0408378583707942	-2.2446803046149775	-2.3079095013007853	-2.2556312791110753	-2.316398093260454	-2.338084209147577	-2.4083046908206924	-2.369547334805132	-2.408926117383112	-2.6313417487328272	-2.307464601119453	-2.563837498220036	-2.7560741792364984	-2.841413061468529	-2.899489266777208	-2.8568460020741946	-2.9130136289100133	-2.980854156058302	-3.0853904692310623	-3.191323893312762	-3.1787017427131743	-3.235567586438837	-3.1332519813071644	-3.1844965636084717	-3.2122410222720026	-3.694572422897017	-3.4654104221355517	-3.5597914726586657	-3.5521331075220974	-3.427796852674685	-3.682833952819313	-3.750547160567843	-3.775500878453768	-3.805498579884746	-4.006793120057774	-3.8566970365935433	-4.031216222789918	-4.04675127246758	-3.981705626914537	-4.080260175853475	-4.084768423431042	-4.15998372610332	-4.128549385074865	-4.428352820875215	-4.468590011113626	-4.29866863357213	-4.378504716820571	-4.55184852340147	-4.581613438287126	-4.579133251451659	-4.379389550306411	-4.602764803075223	-4.874532175645418	-4.850152292218683	-4.829468129079288	-5.080489511442871	-5.003575107611184	-4.977493474379292
0.051600183237296475	-0.05763022956582842	-0.16328890829999487	-0.18371427314618904	-0.19267045764714563	-0.23430808954644275	-0.366782070597743	-0.3385015339307958	-0.3751665608673125	-0.4368097601108266	-0.31712770202525853	-0.7378072008390131	-0.5823086196245303	-0.7425552377918053	-0.911413875381523	-0.7396210133049683	-0.8777097423684096	-0.969750574501223	-0.9916373810470336	-1.017123284780666	-1.0912953320570835	-0.9735539507936883	-1.1840721398663445	-1.2986324542440417	-1.2231744961481392	-1.3982728799141342	-1.247422536424608	-1.24052817812085	-1.4549199883166897	-1.4936178511805	-1.5158036463983204	-1.5504360486430213	-1.3901119650221816	-1.6058572209223254	-1.6358825026833868	-1.9196772728022793	-1.8457244978235245	-1.8183129804968639	-1.9848948856455044	-1.8580191202296428	-1.9473634262258894	-2.124983608780956	-2.1059779368752856	-2.271497387494689	-2.2654268960531105	-2.2312983089467506	-2.451827544881095	-2.2892684882031245	-2.332308063779188	-2.5258130880117706	-2.496232268028402	-2.575948658818271	-2.582270661797127	-2.697019230252427	-2.751382254341614	-2.940941707617678	-2.66209881470363	-2.882118641647981	-2.905555037921498	-3.0486115550611643	-3.17858800984113	-3.1160729073401714	-3.0509534688485225	-3.2433187635764016	-3.256220624857247	-3.2958186588306653	-3.3411071049812837	-3.4188677466382513	-3.439169455620372	-3.626088316058548	-3.491810983201351	-3.687560497616886	-3.65231295993138	-3.6195985277275455	-3.6903046985265524	-3.888017367832106	-3.8721730637868674	-3.8765189383979832	-3.8804418215002343	-4.039624086444843	-3.9981037692429533	-4.235179805265409	-4.172219525946348	-4.220788806645211	-3.9664892433157752	-4.069605982304956	-4.230135373327371	-4.494499820868759	-4.439002835043483	-4.624457897788777	-4.615141143565127	-4.525485751346466	-4.862308336436301	-4.699735819870916	-4.716338666793782	-4.817141902574356	-4.889837969554607	-4.923903090365187	-4.795521810666617	-4.908561652210731
-0.06316222224496759	-0.011446768638795547	0.07467911052540228	-0.195039201165663	-0.0592756864098504	-0.25318387307805695	-0.4056358741515072	-0.21635440263866854	-0.5076239229603565	-0.23424776764591357	-0.4535158480602348	-0.6136711671510636	-0.47932871548963785	-0.6612666352077761	-0.8380953588949722	-0.7489826032795576	-0.7207848101118818	-0.9072735038149531	-0.9689083916265254	-0.9510009722598596	-1.0755340704011602	-1.1159529853852952	-0.9309079658312986	-1.225279805128633	-1.145811651273754	-1.2984555937644147	-1.1749161537393655	-1.287613832287287	-1.2918983947978304	-1.5136369474080436	-1.5770147280277236	-1.6995123454222594	-1.639485619649907	-1.6860023232740295	-1.6304806649088015	-1.8648539473459935	-1.5903934991231388	-1.8276939573758932	-1.6306123825575967	-1.854194829152862	-2.032466201736836	-2.0128945737665553	-2.143296468678694	-2.240081141291051	-2.1289206987925	-2.2554547172886985	-2.152744074156371	-2.3205900584375887	-2.372530305382153	-2.4102257514920424	-2.5281079847771437	-2.5595110414770956	-2.5988728380929405	-2.6624763185537894	-2.7345949605393396	-2.7592547569913615	-3.0241199663739136	-2.9921749066370276	-3.0390023150867163	-3.009044921874245	-2.9897239705752408	-3.1172572079665164	-3.1255068323961877	-3.2815822124581584	-3.16077149564433	-3.4961678180717515	-3.2017168151523143	-3.4179561093567328	-3.3736561073883284	-3.3697525296622914	-3.5024639282962626	-3.695997420469559	-3.5671303569428208	-3.725212942546175	-3.751138681688262	-3.9074483896906984	-4.0020882334584815	-3.8893621353027017	-4.105216553964841	-3.984057708551947	-4.019744421837487	-4.08914206772609	-4.189269462460785	-3.9951135436469984	-4.117361119881662	-4.125360020903113	-4.0397135749347335	-4.336473082904606	-4.340959508232686	-4.424581441945831	-4.475926625147173	-4.604403703818286	-4.643368782187735	-4.736805344657969	-4.800300455931944	-5.032452251014217	-4.871370846092725	-5.02769936805292	-4.73487896819171	-4.910339792270169
-0.02220320841688251	-0.07297672878931821	-0.08944129201000864	-0.11582748172318376	-0.30892335571556284	-0.12385972260063291	-0.24095922710599443	-0.5080912189093785	-0.5879008737722029	-0.2745600339921826	-0.37771812174652264	-0.5166712967882613	-0.5121192849841795	-0.8619235824801545	-0.7489337766336883	-0.7317697259733541	-0.7059749079104146	-0.7336923635494268	-0.8357146896489925	-0.7976448429526218	-0.8794005108247079	-1.0623627014911914	-1.1374194535129682	-1.1074045183689287	-1.1884309782164848	-1.0320191226901594	-1.1447441211716762	-1.4899278320591214	-1.3857146845341402	-1.4996161906283236	-1.5097644988772905	-1.4518404643442617	-1.5116347482404966	-1.8637018020894787	-1.6152732825708473	-1.697110059641193	-1.7216895827170107	-1.867846715899145	-1.956940651527644	-1.9314282107875094	-2.0144537060021883	-2.255074574992253	-2.185467612127982	-2.290374116128655	-1.9923797615964407	-2.193744477492565	-2.224089781793995	-2.337908686496081	-2.1863070111600775	-2.302426132938123	-2.451209517128403	-2.5759602819906604	-2.6753056470522076	-2.6460849167820086	-2.644093762774151	-2.8706957242007136	-2.7423023872628045	-2.960304583470207	-2.8771517890407146	-2.8629257164306536	-2.936247738594949	-2.91996331003916	-3.031028560155125	-3.198819692494705	-3.2438696214728484	-3.2129168266960697	-3.5605165959747485	-3.4370042270814922	-3.459005869827711	-3.374454207721106	-3.643630191569224	-3.6126533562200605	-3.697872517415174	-3.7349255871112796	-3.7177080281672947	-3.7682034268552553	-3.864398656670059	-3.8853012205549238	-3.9004786737501163	-3.876815393712061	-3.934792367087055	-4.196910600505791	-3.989510420465779	-4.122404462200775	-4.435017658114189	-4.32675979088603	-4.227262773593332	-4.3502021666652455	-4.534589868773245	-4.455506944164274	-4.370480938263111	-4.5672681146722685	-4.661697468143433	-4.7206716509852376	-4.806286431861268	-4.6804538872583885	-4.730264728394277	-4.80856245304237	-5.0884984255228725	-5.09895200769141
0.058272101149350664	-0.12362952193523644	-0.24422477655691804	-0.1491806190080762	-0.19248657692554771	-0.35498182074700857	-0.19373797571593476	-0.2665419676145341	-0.453127563491153	-0.49161644183961145	-0.4278320229773011	-0.4672498599251974	-0.7815876850201408	-0.6379327453411096	-0.8253691041843633	-0.7630691929022602	-0.7951799312725859	-0.7716653894385532	-0.9261105069470337	-0.9646138590281911	-0.8580155017866959	-1.0085183164235716	-1.0106412480661597	-1.1265878235512634	-1.020959013993592	-1.347654927721494	-1.2242181154688536	-1.371586406158696	-1.3558325843207617	-1.401007298480532	-1.4158999755571087	-1.4387967501452754	-1.5041899031542207	-1.3715142632007338	-1.6055300535057395	-1.7969241774423172	-1.7623171475957393	-1.8467890050748055	-1.8847892256917678	-1.9319691573790736	-2.185733790997852	-1.960301892603594	-2.266799288079707	-2.122207691841186	-2.15346557494197	-2.2151734144452306	-2.314753943990556	-2.6353451294875643	-2.3253200164436394	-2.592766186246178	-2.6158971113143434	-2.406780008797411	-2.6214557535204897	-2.629788387944414	-2.7571497438184775	-2.9167176811652302	-2.71378867476367	-2.9023284816031425	-2.9693344304225393	-2.973336989706684	-3.021522947585746	-3.0528331785726377	-3.164610069891829	-3.160140046931139	-3.16022162245283	-3.134692050902186	-3.2277672402780264	-3.420931893006072	-3.3396982551381336	-3.546443088343821	-3.5232234380209126	-3.6736953590807926	-3.6215614606085	-3.5614142006360563	-3.7832395238657166	-3.575153831584276	-3.870184574310261	-3.946937736883105	-4.008933266211464	-4.12870448644757	-4.158604444738139	-4.083830161816488	-4.253504875200356	-4.163655197118599	-4.396275303645209	-4.150531198471514	-4.323464226522465	-4.272631364952159	-4.376183476396163	-4.465214581983392	-4.555961381953021	-4.698640162428489	-4.693688940262133	-4.613064967256676	-4.57272381494755	-4.680224960738031	-4.959992735904909	-5.0287845337345285	-5.1176503680636625	-5.043950583323003
0.03225390065294392	0.0870588727128041	-0.14270524609941992	-0.03360304631600493	-0.001137629175382543	-0.10508651513688663	-0.34192850787790197	-0.29124992384480364	-0.4007336282268318	-0.5510733159656628	-0.45363686480172805	-0.6509756862136518	-0.4619150025318032	-0.537051927331988	-0.7173606046405306	-0.9635043584848617	-0.7892491767461665	-0.8024422556129733	-0.8798533100411277	-0.8638697782249504	-0.9534772194526702	-1.0436641331128382	-1.1575002018988874	-1.2617695515595586	-1.1276243115469573	-1.3319191360196132	-1.2159069346568931	-1.478955985523751	-1.5115787458977679	-1.545034139965965	-1.5718746577661709	-1.444753673902691	-1.4313757175221966	-1.7921656803387196	-1.6707624822715463	-1.6124828671356122	-1.893937384747673	-1.8590574631558556	-1.8683739079551995	-1.988412847342048	-2.0295977470886837	-1.9658953766004816	-1.978638016351683	-2.1519152765628227	-2.3482166564258766	-2.1632838481631587	-2.340738816218941	-2.4506634115261754	-2.4990411968658197	-2.516363808818178	-2.4863269538933865	-2.5917299261266584	-2.7164183702687543	-2.6896829971593497	-2.7923843166645455	-2.637349741502133	-2.7236194549026824	-2.906656831479482	-2.926655685474385	-2.9112464250212473	-3.003427332994845	-3.2494994934202057	-2.867238747388336	-3.277057499818057	-3.345612956639697	-3.0171652646351164	-3.2726053958539763	-3.426255469298066	-3.4438771495424665	-3.3678680040211653	-3.6049169885875547	-3.4467230903922674	-3.630372441743178	-3.643830142277806	-3.710238014530567	-3.7258844166709046	-3.821119739980135	-4.061764620418659	-3.9205069555584844	-3.894096946612503	-4.073573851524701	-4.120501624996033	-4.026443026259195	-4.245970919227438	-4.160200977228409	-4.337125771242565	-4.449290287043083	-4.315531800484475	-4.472200216906359	-4.563599112029421	-4.518351706365946	-4.631166368915835	-4.717005989631165	-4.745048931236096	-4.777152538449653	-4.8267593575639145	-4.738513853093785	-4.8745224027351055	-4.920308121805193	-4.928954786298007
0.11111766980078402	-0.1159214665708364	-0.2496275642641771	-0.06074358613485027	-0.33844019628959593	-0.21979076938366504	-0.39787378265922746	-0.28739064430385536	-0.3115903055439348	-0.425070292894855	-0.6171872052452972	-0.380743938403316	-0.5741633178560374	-0.5948998148383126	-0.6892492802211988	-0.8021755914793752	-0.7637687381247821	-0.8331356667241712	-0.7901734120332573	-0.9708171716565445	-1.0584596683901875	-1.0015116906063046	-1.163934593544413	-0.9960207735778764	-0.9906643737403119	-1.2139480000629708	-1.1387061606847504	-1.1242403212263177	-1.2913929742236592	-1.4266940167232771	-1.4953986083998208	-1.694499293839387	-1.755126464033474	-1.7512871319961651	-1.649617336683279	-1.7252915928334556	-1.7793499026792636	-1.7160134133292395	-1.9763779605625549	-2.1414056448903693	-2.0655964316665534	-2.0796121841164594	-2.1502552684324634	-2.034137135486272	-2.2768873193585266	-2.2801953149886267	-2.2705543076659875	-2.4013560676403842	-2.2447286378827984	-2.3994241687297104	-2.3449061483567357	-2.6909761197436812	-2.6776425900614607	-2.6913058680659367	-2.4597424117113573	-2.9216794426609387	-2.875229584040456	-2.949346008372262	-2.9582182017687795	-2.9256272726007464	-3.0621768840576777	-2.9665064700641652	-3.0855220448776586	-2.933509841011468	-3.3709997179812836	-3.3183810926166335	-3.4509623914609127	-3.313261365020578	-3.594827775586389	-3.4500843955553755	-3.5053317385105616	-3.485210239869453	-3.9640359909324774	-3.774048954225387	-3.577929993137177	-3.782885593579499	-3.8236918152874178	-4.042690511655905	-3.9073466229005525	-3.968075240811327	-4.122028749837867	-4.079871700866045	-3.95558071206026	-4.269461879175536	-4.208989530099568	-4.398222674912412	-4.385293033265253	-4.4727642061421795	-4.539629062382541	-4.565632843407292	-4.669148796304266	-4.64347071229913	-4.742550984970418	-4.521601347572549	-4.854859315163766	-4.831307763535878	-4.956959716754588	-4.671236620706119	-5.067934141515574	-4.939811959548513
-0.05133410781590925	-0.0930917562707751	-0.14182279397637604	-0.07714497357824383	-0.14376806614992382	-0.23794196491588157	-0.4276421732221291	-0.35956740497168693	-0.36868443088858677	-0.5231627421181897	-0.49137523165872904	-0.7468406984772565	-0.6926761873706425	-0.7987408627923824	-0.822889610876204	-0.8867910197049813	-0.6892792120400849	-0.9785663137545664	-0.9753625105205046	-0.9639803238103248	-1.1321238751598768	-1.181920726062932	-1.1875668611270238	-1.1261890421140481	-1.307301210534598	-1.3605208593490883	-1.258364584978036	-1.3796236210251562	-1.3639803837231557	-1.6308331349593792	-1.6374012080447509	-1.5770374389469746	-1.5706416437175577	-1.6304692397614682	-1.7187737792641513	-1.8339341591020342	-1.9950690020562971	-1.7920508484491238	-1.9981437817554375	-1.9554773156973844	-1.928753004196755	-2.014123974101251	-2.096861166573605	-2.2385856630338314	-2.1979288197641274	-2.323177902511902	-2.485393500845236	-2.519778967100113	-2.3613754837479304	-2.6096033830951693	-2.3227430005397838	-2.56338912515269	-2.500453122186849	-2.6936198306255092	-2.868227032536286	-2.8618872556077117	-2.822395233123403	-2.9281793827792795	-2.92662600973686	-2.942148499529097	-3.167364628769228	-3.118304594811243	-3.1303577545739483	-3.214046020024618	-3.124230256385135	-3.3009014491865547	-3.4246836205463795	-3.396106852835334	-3.442652185090321	-3.450628109217129	-3.56019807855175	-3.565490813042117	-3.5432824641122616	-3.763507945899211	-3.7599082401979054	-3.753167286348554	-3.7924360762198335	-3.848654881329588	-4.0597406462554675	-3.792247233919466	-4.046757670505696	-4.118390161832571	-4.15486150852993	-4.088685401103202	-4.413467491455204	-4.323454160229664	-4.285518227955185	-4.583330862502645	-4.462133121635252	-4.667511470903306	-4.349979743218418	-4.515889621305265	-4.637297706090298	-4.746583499357712	-4.794318869359742	-4.889122203779851	-4.979772411679496	-4.869960525030716	-4.944570712405057	-4.977290471479356
0.06084530101899127	0.0017561902978668747	-0.21885858416494308	-0.03118152454474303	-0.1621102882656158	-0.21880863082662455	-0.18477297738306803	-0.3503943193642154	-0.6178965488328179	-0.21852894024159947	-0.43373071151043846	-0.6099747785411334	-0.6279620272104062	-0.5805708510310567	-0.7580704569345944	-0.9772504701007768	-0.6737459667083988	-0.7906879810216119	-0.8291356624818249	-1.1120165875395012	-1.0470381878592736	-0.9749396128510279	-1.2227209319333026	-1.1561637927359059	-1.2288800193610891	-1.3102327081674456	-1.4018701809175127	-1.3535292411419397	-1.4346926241673466	-1.565530477837537	-1.5681313922238347	-1.4912666243680193	-1.429236269816898	-1.7453764940958003	-1.6602568442010848	-1.7719886354720102	-1.8170247050434032	-1.8969537499814955	-1.922620343039217	-2.194608407982209	-2.0461580091212124	-2.1863780546402407	-2.1786363631855	-2.2108765994548416	-2.167746012928166	-2.2074614015416767	-2.4099755401697793	-2.4185917190543074	-2.3863653713426505	-2.435291189631725	-2.4629594770724963	-2.5629103238334396	-2.6908332431217388	-2.470176315002957	-2.811182361321109	-2.588854141278478	-2.834422517115926	-2.9531511457200117	-2.987999046844295	-3.0034147296142626	-2.8164920784727436	-3.156574116827758	-3.2230893013174198	-3.260435809654213	-3.154290332398872	-3.3547762491050284	-3.396337378458613	-3.453976017518351	-3.261042850675294	-3.4567729052734903	-3.571523382110272	-3.53500371059426	-3.737789009146276	-3.694186404044489	-3.7637433273771905	-3.83986943099665	-3.6671316923034345	-3.919181061501257	-4.0966084226622375	-4.124342363234485	-3.9288392807243637	-3.975478865704706	-4.172448181435188	-4.261270947470545	-4.160221083045568	-4.314071255917084	-4.397740187855277	-4.507029509839946	-4.431516019290197	-4.604695802343622	-4.4634284129263095	-4.530925808386392	-4.65696689399087	-4.563833821907201	-4.789597062559309	-4.623955920701316	-4.871100986047927	-5.056048389652168	-5.0219780348266045	-4.929634876542066
0.06898373282075068	-0.1420165808730196	-0.02770681976125526	-0.3214189870009496	-0.279681060591311	-0.22753322105777993	-0.5795297105335961	-0.4417247656376886	-0.46861866252852424	-0.40203120108447166	-0.6126859511851103	-0.5504223162798974	-0.6949105505068857	-0.5639777655957197	-0.9344038728074545	-0.8580561325866528	-0.7941881918258655	-0.8816174767757139	-0.8688926927266301	-1.1654396685217343	-0.8682754640708724	-1.0343618018131355	-1.1470478976475809	-1.178949202816021	-1.3451622515918997	-1.2204132388157514	-1.4001040181803839	-1.3167322974564208	-1.4345118698647044	-1.3911768870293437	-1.4129265226929975	-1.6331427927381692	-1.4282796759517147	-1.4577132224197666	-1.7246748977870034	-1.9279731645346205	-1.8457845078339	-1.794897995563533	-1.9841628226144714	-1.9102313034646443	-2.122389284047256	-2.1656130985422566	-2.1940034099890116	-2.300116791639353	-2.275206802572677	-2.441728104446096	-2.362189601784193	-2.3112279737292942	-2.524365813438636	-2.4413715274940113	-2.3052643144898486	-2.472838330131255	-2.8356552803391355	-2.562448138103001	-2.8389143019135425	-2.8121307428612483	-2.915425061348203	-3.081946671125932	-2.9361181795708937	-2.9706118803445443	-3.1007823353045127	-3.116722815780047	-2.927777514860944	-3.1773831713909355	-3.29560812734836	-3.18464785146043	-3.363705243780881	-3.278363981466788	-3.606073587283598	-3.5140469844559803	-3.5336913525898366	-3.490974108992016	-3.531601378200358	-3.781861464410634	-3.6667903819664827	-3.9023398247136396	-3.9853765717745135	-3.9180550993439307	-3.865988097357483	-3.959709198883956	-4.174735551427175	-4.131391394751051	-4.027261702024798	-4.10510443669015	-4.247754376528902	-4.235861788832108	-4.4031938152142915	-4.263411083525882	-4.2968133078309565	-4.477208739634103	-4.415795955577022	-4.732508958640127	-4.648250700518307	-4.712012519509356	-4.862622066555133	-4.892899921270296	-4.848210635123967	-4.83089125307929	-4.872057689243289	-5.129994627118451
0.11352474910529142	0.014363936110394167	-0.15752698556856704	-0.017686652302230987	-0.19528175378111087	-0.2743704802872655	-0.37197699259955996	-0.3424109756438732	-0.4603845827200692	-0.30870213996886586	-0.46942421055510297	-0.4621250553965231	-0.42840340105563546	-0.8377940466182163	-0.5932865873363957	-0.608628911270625	-0.7991760026034781	-1.0502863111895326	-0.859785005725752	-0.8614073840379921	-1.0705166932976642	-1.1606311718179907	-1.1249385721690142	-0.9896240697224159	-1.189621551215294	-1.2563337755764343	-1.3968168939895689	-1.2412522068420626	-1.3397434598615474	-1.5416631831255956	-1.4939870935114485	-1.780668929479778	-1.6163173691879502	-1.7466031416077294	-1.7100351668496896	-1.8310806056580058	-1.9834834436540552	-1.8647627109881557	-2.0208345234181544	-1.8668354381691143	-2.0887676891384905	-2.0027179315874117	-1.9917995931657755	-2.2872928727538926	-2.202669277219743	-2.5469167836747872	-2.3107132915815796	-2.547531197922804	-2.3201785392871352	-2.4983223052179753	-2.622364137053533	-2.6769822301323813	-2.785804949813527	-2.5042001965985783	-2.7323838222128933	-2.764872784564964	-2.8665207287651953	-2.7662719512051117	-2.9594007566891176	-2.8348059021345393	-3.0239778093824974	-3.197461527642659	-3.243382483864335	-3.09645809179905	-3.1199299729592873	-3.1754769704388113	-3.519499528067033	-3.422570802229487	-3.3833296673266426	-3.70309517990737	-3.5887522235472233	-3.4989210265952213	-3.686192789772684	-3.651160765236305	-3.871728396304494	-3.7445894897565912	-3.9985997633042505	-3.7683230678526702	-3.9444824057587824	-4.082836440929151	-4.148270511846265	-4.163230127254742	-4.211238708159889	-4.1196940461835725	-4.138490456621218	-4.165485823753993	-4.3239988669384655	-4.525973941309752	-4.505058982140562	-4.33059086992727	-4.289806568723031	-4.583959516359408	-4.502933066255006	-4.659051695948026	-4.80496958071579	-4.926260551993273	-5.012165429332957	-4.976709079501406	-5.15627243424367	-5.024848525681067
0.15000596230558036	-0.07254327058337418	0.016744785783429875	-0.2891811941519129	-0.2069064002619117	-0.15228092867422544	-0.3667232249617328	-0.294323955697969	-0.46293414064397287	-0.4630155771104165	-0.46534248625931035	-0.3912395944827181	-0.7351255174003801	-0.5178929944862365	-0.6291042287281725	-0.7646587500000248	-0.8798270172384548	-0.9455639013482421	-0.9620690681346277	-1.062535350539962	-0.9784278638238212	-0.971001510873109	-1.206105905019866	-1.1561664473535258	-1.3066730240985778	-1.2502695967257003	-1.1375979966481187	-1.3041973146406824	-1.3777032869325105	-1.6195056975286555	-1.4551380474306794	-1.7218734682739207	-1.6995363311304361	-1.6250610102344119	-1.779285056413375	-1.7712766832278828	-1.991166267255127	-1.7708939752621713	-1.9630495393581584	-1.9305656781428795	-2.1679056864487887	-2.259675867454925	-2.0088877669628458	-2.1559264023060387	-2.2759961173235843	-2.3088795685486363	-2.4543323852206207	-2.400972914463867	-2.4474588964110158	-2.6683907237553064	-2.577318882563849	-2.591701972950812	-2.5536169778574576	-2.7083428169043278	-2.94206955088051	-2.7388377535737063	-2.7519156623324945	-2.9995130276509827	-2.967370431657636	-2.9229962748270197	-2.9939135418048592	-3.0658046388413323	-3.1923943507465564	-3.2122344672852527	-3.150311696938304	-3.2959968586562574	-3.2658373675490635	-3.039685253324685	-3.4303717600311656	-3.4894959047177103	-3.541972854699139	-3.5698517350785837	-3.6631079053555733	-3.722338356563762	-3.6598229540596794	-3.9196732932711678	-3.828466732282946	-4.0057937454229755	-4.022219050255169	-4.0984518138785635	-4.207785053059265	-4.138446029988746	-4.217555143025816	-4.17299759450431	-4.083336146477643	-4.504234138331631	-4.2949837042452135	-4.308018019913704	-4.398898914042896	-4.453634616443464	-4.612772779500051	-4.552666968489807	-4.506397372058538	-4.599212364112389	-4.7570175143671225	-4.878773335670291	-4.906754379384914	-5.0726149203539705	-4.889588952485652	-5.014887925772353
0.0812210719412367	-0.07814031835283856	-0.09039097270852338	-0.2404561071320471	-0.14782095472762274	-0.20021106836088043	-0.28616058164902974	-0.30660923574310295	-0.2765531624858927	-0.46138636998989546	-0.3385846034247594	-0.5826786588022166	-0.621360255236348	-0.6712823131148309	-0.7211915145060406	-0.7626460397949524	-0.8180897445987372	-0.8592707038231403	-0.9365625871336131	-1.0404656093999198	-1.0970095416672423	-1.0893657495365174	-1.0554551615546326	-1.4126903460466207	-1.1152552746027715	-1.115277833317737	-1.2685448357981122	-1.3197384994992403	-1.545250432768714	-1.4825469485731515	-1.3399549241140778	-1.712804564492481	-1.5687984703281228	-1.7905528311479897	-1.665020841652884	-1.7919508276734828	-1.8131341850487142	-1.9202478303526203	-2.0315626246248986	-2.0266047669159586	-2.019087736688722	-2.063062293832473	-2.2185705903957698	-2.186452492925787	-2.2703103269427656	-2.3178981145710424	-2.4168022922584385	-2.5015149257457034	-2.198925594309763	-2.467142132595917	-2.562667912804452	-2.5523861666187844	-2.5347510596906173	-2.7028476402780006	-2.7646260158511553	-2.782805516465235	-2.838449280148332	-2.884619416138316	-2.7843844033749487	-2.9494334760612775	-3.0708542931206892	-3.0360133117765167	-3.39969188536902	-3.388082249343493	-3.1174579531254443	-3.2645789179214626	-3.33736273411767	-3.3025924997553844	-3.350803362293732	-3.303976749283355	-3.6125896505747392	-3.504727399347383	-3.6042135705021985	-3.6226568657693594	-3.7099586398547255	-3.8718717233081157	-4.064677830717374	-3.8899529214259196	-3.8237573298176684	-4.045595115445562	-3.9539387400586126	-4.132956782448391	-4.091433522603379	-4.193324041586992	-4.17412984232058	-4.340558748501878	-4.216723003690219	-4.332613705142705	-4.42638098120605	-4.43185715606308	-4.527168178251518	-4.695508889940847	-4.512918770479351	-4.492173800713565	-4.77548721936027	-4.792392658769985	-4.826332027671442	-4.899788136854507	-4.923215238617603	-4.890253246642707
-0.020401148095122577	-0.09071943313797828	-0.018382288556128057	-0.25821189717993603	-0.05429849153700653	-0.3356765639080883	-0.2714192389589185	-0.38012444741448165	-0.5236848277520426	-0.4594836932331955	-0.41707355082477204	-0.6925019366273473	-0.5770932596885774	-0.6728439422344156	-0.7703176252497828	-0.731541289525692	-0.9133528657136775	-0.797220600027402	-0.8825432934496886	-0.9151243404045104	-0.9807081305329077	-1.016615856507863	-1.0025458619021035	-0.9775794585919168	-1.1168664492636233	-1.3800339460976954	-1.2869192224795174	-1.3779234584873443	-1.4509359145039002	-1.4484532443740032	-1.6121222995628932	-1.5952858083409482	-1.4549882474128548	-1.6874126681193284	-1.6841345694215557	-1.7600169660047327	-1.7766197039906126	-1.5897627560470735	-1.7304847950849298	-2.0364647704566172	-2.057660766587649	-1.9599386845513664	-2.056191652519998	-2.1815090944291566	-2.2907301218901788	-2.3363985901044146	-2.3174092911765496	-2.4682901810518287	-2.350355309000526	-2.491923531696062	-2.6117357128954697	-2.6543298204304744	-2.501983892418308	-2.742339458174767	-2.748275562186737	-2.7401991993322734	-2.6515276573042894	-2.8789417739078114	-2.944383272082064	-2.9626573711859874	-3.1511696253010997	-2.8365688231475814	-3.037118256798109	-3.126644507568743	-3.176877666969277	-3.2889120868906927	-3.323389289869289	-3.4201402385879516	-3.4825123173541424	-3.485827069060289	-3.5368042654747334	-3.45635321785347	-3.7080269508649835	-3.6226023848177906	-3.746140715358714	-3.8858244698540467	-3.8843967553300747	-3.903851121026322	-3.9731885527230464	-3.9566825191944495	-4.011575910962322	-4.025261897526124	-4.189554612371063	-4.196141993027024	-4.252085020729682	-4.420676684336296	-4.26512585653788	-4.399436299979681	-4.430839021907358	-4.384479178421344	-4.540924873024738	-4.601770347467228	-4.734366376547365	-4.627485970216687	-4.733903869170499	-4.877891618115764	-4.831717552479258	-4.90221587049869	-4.933854216234608	-5.037708250378401
0.1347738897868282	0.13113347363769023	-0.20624697173334428	-0.1095297682592722	-0.08305168212288076	-0.347435608149327	-0.3913695527749383	-0.42974700313860836	-0.3288537502382666	-0.32380819674346417	-0.44940535816146915	-0.6747669795310355	-0.450958457533999	-0.6830835344598635	-0.7813778203020015	-0.5090144501462627	-0.8076912446197012	-0.9378687149307521	-0.9152659730941519	-1.0020777274454788	-1.0507704509463252	-1.1407261788763803	-1.1116771277426545	-1.0945392874730202	-1.2283341553114646	-1.129850271181535	-1.4506263922895681	-1.3351943084301399	-1.280947776277198	-1.3720540941223411	-1.4229641955731993	-1.4346913712863898	-1.6439167189318487	-1.5762637850927317	-1.5265073861027663	-1.808470794615027	-1.8539888423799222	-1.8118605191631176	-1.7611860648811184	-2.068957646874299	-1.9580643696217757	-2.108063829485644	-2.0853135777715526	-1.9946047713705146	-2.0581644891390924	-2.352625760428708	-2.3554982344918187	-2.378961968176698	-2.285865375256032	-2.6240089063286507	-2.6052103714787034	-2.5428592614354453	-2.6204937236144348	-2.6629545036908837	-2.806373624583547	-2.6747288668430858	-2.8688700632298736	-2.8819432454835954	-3.045290370378778	-3.012420802439814	-3.0233704768271195	-3.083975174975031	-3.0788887632232522	-3.1568792265345165	-3.311351068590125	-3.2925150868032276	-3.2077990216658385	-3.4187923953171997	-3.7444374651459458	-3.4436291129806533	-3.6090821172197045	-3.359672015948866	-3.525613537452296	-3.731682820551284	-3.6425009736877416	-3.63426344444376	-3.8849935253325536	-3.956377085785444	-3.8985316086014477	-4.080641261329994	-4.182736052815174	-4.198349573269081	-4.270845210635157	-4.198111359185577	-4.178236455681464	-4.322714037218509	-4.430718785062405	-4.522172144424513	-4.439744919304102	-4.62593688046338	-4.570231478240283	-4.477549708970917	-4.486254253988655	-4.698101042810648	-4.718697792596079	-4.842015767511571	-4.9213883159212015	-4.931451832355234	-5.032980041476109	-5.065199601343653
-0.00044559173982709234	-0.04240181828358966	-0.10490627488574361	-0.029655191896127905	-0.0995534353410927	-0.3655183108737726	-0.30989254407318784	-0.35194444962028903	-0.35314808584341795	-0.4859172730443344	-0.5169737725771063	-0.5465394340950631	-0.7188897281600259	-0.756613662693451	-0.7338476157610443	-0.8299067030206402	-0.8131434826874144	-0.8618540161630628	-0.8768518820951413	-0.9883496815372442	-0.9118445055407147	-1.131361881162623	-1.2352721508799454	-1.0461511208298433	-1.0083789061935582	-1.2402839729420516	-1.3411255081342903	-1.253131802336432	-1.292187753602906	-1.5699273040266537	-1.6159244920893496	-1.5507140143842522	-1.526230450907811	-1.6727710825424702	-1.902082370914997	-1.5353268343395643	-1.6181278480593544	-1.9822600437680988	-1.9322536713278096	-1.7720992076797484	-2.08331360550194	-2.136343525763077	-2.2031949116947422	-2.0560147321169464	-2.1182613074887184	-2.27306463666739	-2.23765023434607	-2.325053730696646	-2.502777281482206	-2.5120650141394263	-2.3542248333661036	-2.523054814842659	-2.6694118882956515	-2.8308275734915487	-2.7290195113311286	-2.919034121955491	-2.990335780180711	-3.0054826013393687	-2.9816210952600293	-2.9753228513460326	-2.8440861977805785	-3.0426160176317736	-3.069201448524742	-3.269349038637021	-3.1933055382243225	-3.2882632201669018	-3.2084198677474047	-3.3012001349760656	-3.576257518720816	-3.4378831836950448	-3.4292446381970594	-3.594990888303504	-3.7509086550195043	-3.6988995691591797	-3.6262270447186307	-3.7288418666442578	-3.9454743687705776	-3.874875389540103	-3.7918277484493275	-3.9789306880755246	-3.859463628239101	-3.9753781095547813	-4.074136647920534	-4.2356294301152575	-4.2513581672641285	-4.160704085094276	-4.395036162441878	-4.378401915456031	-4.470947629338246	-4.486181206227456	-4.462081597108963	-4.566677706928149	-4.542945669906991	-4.814158051697584	-4.61053764303119	-4.748172144722535	-4.8231410126478265	-4.995177958254439	-5.002680217391554	-4.824463881475539
0.01569296427840876	-0.34391847677308846	-0.038903985363054804	-0.23195806995562462	-0.15596351719782126	-0.38440323583827735	-0.4345646355946585	-0.5044952795256847	-0.4051005357061097	-0.3878320096255866	-0.5633062201669571	-0.515306694326798	-0.6756274022708786	-0.6396271225822804	-0.8621649705395857	-0.620194749655327	-0.7414963398927517	-0.7984424608419326	-0.8817730989054793	-0.873182911038252	-1.1112938643649621	-1.0842000936700744	-1.0466693611912061	-0.9916633995172386	-1.1725810872367506	-1.363501322973164	-1.3832412027080476	-1.488270415244814	-1.3283573432957534	-1.6151617645553624	-1.5304648170004855	-1.663313806258869	-1.6102612043838052	-1.739418583244879	-1.8584325138692037	-1.8479725863337675	-1.7916308496095839	-1.949471434494762	-1.8779999768851934	-2.0332941616797	-2.084052349014225	-2.2172361031642467	-2.1443668511861786	-2.232251896261103	-2.2379923687216725	-2.345292385991666	-2.3185446293068144	-2.3316010693256333	-2.385974931786171	-2.637489483376921	-2.444573167189377	-2.5754434766638608	-2.6905642518724684	-2.5609394660605966	-2.5114537887897352	-2.840848117879253	-2.8148630812213518	-2.996110707882662	-3.0393079355167076	-2.8665973762550268	-3.0827807313635236	-3.040105935993503	-3.0395102127132643	-3.1956946293141786	-3.1199218330979694	-3.332048840000231	-3.4714653314549064	-3.4534469948156294	-3.3440306612020056	-3.511146818002169	-3.6556976785657014	-3.412723381111389	-3.636377894848227	-3.711838837661458	-3.6656571946674594	-3.6996768670832614	-3.897094326158244	-3.897501469151584	-3.834284532469293	-4.11708922978001	-4.061906508871193	-4.064150212797855	-4.286734676323985	-4.252247727835085	-4.248279934642964	-4.411079172181755	-4.44885718519828	-4.432828528679751	-4.440051828697818	-4.540494383593711	-4.684073493461949	-4.757257734726753	-4.595234494305521	-4.630087080412018	-4.773253581168426	-4.667786954778696	-4.824875646197696	-4.891958814301601	-4.870307342426002	-4.940900579459959
0.09325025746189848	-0.07633684527310419	-0.06148168813881362	-0.08039386707942357	-0.12053447632045158	-0.12430611430153085	-0.346527964609525	-0.38981757923302846	-0.32473830211498955	-0.41313324095613596	-0.6594118036311443	-0.7967116145301152	-0.6277539622570236	-0.6481930079045222	-0.5160125485390461	-0.9086774574604611	-0.9151803456205567	-0.9841076462908547	-0.9227481782485105	-1.0017386056097344	-1.0228975984810735	-0.9869507515166093	-0.8571373150904044	-1.0973805250916766	-1.0606556173558193	-1.3383982923507478	-1.2984694510913926	-1.3816755880013722	-1.2880087305090946	-1.347495527037006	-1.4426089750047633	-1.4718821783485556	-1.644638482529857	-1.8163505000106634	-1.9099537440916725	-1.790933525633069	-1.7786424965138181	-1.7600780741466808	-2.048382928214014	-2.0148574302965834	-2.117719153021164	-2.0564481853630627	-2.0746083396197603	-2.2068096318772352	-1.9899062665902254	-2.2158987628089024	-2.260106094254255	-2.4276246918206827	-2.4294768778676783	-2.3930229329107098	-2.673939290023801	-2.5544570176299337	-2.4183125127566196	-2.6580240072551145	-2.7257444963491757	-2.7518278601732122	-2.9893654940210417	-2.838353203873984	-2.782401001896089	-3.038912533002582	-3.0068180977611707	-3.018833839991702	-3.2226304016586442	-3.1749668791168855	-3.07900049433543	-3.268903016436144	-3.371003429235812	-3.2855768669131207	-3.3856442129782898	-3.6233939533098347	-3.581045530871798	-3.662069251402865	-3.5867615874425205	-3.3476109150948425	-3.6451978523298885	-3.960604414648743	-3.7851270163066753	-3.978090729800492	-3.984931236855244	-3.9080224869362636	-4.128326988896805	-4.113279077893927	-4.200935859377016	-4.18168554221582	-4.211474924166963	-4.260036554283106	-4.3762824447074244	-4.263049349728005	-4.3811499091858295	-4.512063361503773	-4.546661817462764	-4.68948833172126	-4.561789876343159	-4.76921538327799	-4.667703807061878	-4.78614369918148	-4.928819748140613	-4.886423393930573	-5.092441273168484	-5.206022703876794
-0.03787521334840851	-0.12732898613246216	0.11251513770153475	-0.10074712134200178	-0.2192850021977009	-0.45474361170091404	-0.24604251197182636	-0.19244288560914832	-0.5345512642147604	-0.2798751360475936	-0.49587770199545106	-0.44303035408273694	-0.5259367180920947	-0.7028672612314705	-0.7388105645741859	-0.7807759164978162	-0.9414197248106267	-0.7796022857530158	-0.9772362767150875	-0.8917831000502786	-0.98897671692701	-1.1171828813529205	-1.073416777232945	-1.2876020475781111	-1.259894215585967	-1.288250573980654	-1.1725359857791553	-1.3674466221105082	-1.4650787155717453	-1.5222242597392597	-1.3529094910505137	-1.5892131310495685	-1.6223050234675316	-1.723558356412808	-1.8427612173261103	-1.6426801277512715	-1.8397803152053616	-1.7972726464174895	-1.7523186994025879	-1.9266279360640957	-2.0988279450697065	-2.1086306857212054	-2.09914042474063	-2.002911623093559	-2.315455884945366	-2.366956377658726	-2.243487383157727	-2.3271942194796713	-2.4124540885294676	-2.5300995884126527	-2.5143400556443245	-2.7548962844342175	-2.69604808196983	-2.5112949231446215	-2.842962663967939	-2.7618023216242245	-2.919007193802138	-2.796255519751062	-2.9232099635346036	-2.712549545930805	-3.213335576278797	-3.0753615582348175	-3.092190663376588	-3.1827278968422146	-3.41526823766642	-3.4750482669369003	-3.3059285050161313	-3.3443226122083463	-3.4910116220391343	-3.5964335579501294	-3.3704444140691456	-3.4948271668268873	-3.606453520492603	-3.70895036186923	-3.5177991721479325	-3.847300103836221	-3.963354773918758	-3.913075549755018	-3.9400932957269994	-3.924057104839558	-4.071075796772686	-4.12440809301739	-4.249259878701928	-4.163736960622478	-4.287098092098803	-4.261283276806821	-4.4458058639446145	-4.527902434030501	-4.550207162441129	-4.471838737766692	-4.601750144196151	-4.639445970404443	-4.71194817411182	-4.613441780692107	-4.582735027722551	-4.678111013488925	-4.793245461732802	-4.997406384593563	-4.943019873010581	-5.093842224275473
0.09400353453494031	-0.030330399381437192	-0.07837191413635831	-0.12008602359212306	-0.28643666820218716	-0.33921051091709825	-0.39175038237332194	-0.2922062386777654	-0.47335201736686466	-0.451794425904028	-0.3515462362485574	-0.6047163148055723	-0.504650900653271	-0.5749062853250906	-0.6121460338147042	-0.5475000565861357	-0.9063636398515957	-0.8591901678903057	-0.9313887726448006	-0.8871485280697757	-1.012851464324379	-1.1102840131317144	-1.16900411016552	-0.9641453018482335	-1.0566355295969765	-1.238413163343367	-1.4688669906516123	-1.258859899159607	-1.349670853555049	-1.2792607587204832	-1.213544416498246	-1.6537654089233038	-1.625586087959301	-1.6633835497479355	-1.601806215419807	-1.8110787002083926	-1.958555097667807	-1.9684393956059547	-1.9526142348568218	-2.01979644521203	-1.996532901856644	-2.1257629548623904	-1.9263996099184733	-2.279020983389306	-2.225361601818002	-2.1805578390727605	-2.4415319887632294	-2.3459741592257917	-2.3360931368805327	-2.5536173092264174	-2.6260347736456153	-2.6120846573804677	-2.541700948840664	-2.6968429998341352	-2.7018797174404483	-2.727871546451277	-2.843952658842349	-2.9904652887632817	-2.9268963508469854	-2.827532766395189	-3.011020218445583	-3.240786615164561	-3.0262769567008805	-3.1446304043187623	-3.3635634828516143	-3.304648059123917	-3.298191837923683	-3.3078810895502344	-3.3231134537218416	-3.5084238473655187	-3.692072687885005	-3.6797898968897718	-3.579977162161985	-3.6344207371148647	-3.836301728175589	-3.909012074238176	-4.020262514907033	-3.9698880090978546	-3.96119134401562	-4.019416755486331	-3.8220148749903373	-3.975576932744873	-4.179844563767299	-4.286843606904278	-4.118860685408182	-4.274864705982949	-4.462208874222681	-4.309359389462198	-4.607085485943599	-4.495395744073913	-4.560035773873479	-4.839754158516954	-4.798792289599753	-4.744504523206358	-4.795185424132294	-4.738486667706698	-4.864661309964505	-4.9778091912051945	-4.931107332575743	-5.089734420469931
-0.04015349771088127	0.009333343889767372	-0.17238890813133795	-0.08805746866538759	-0.10496046825858915	-0.2741758431073952	-0.2837546260099598	-0.24303289705284883	-0.3561674026236805	-0.4903793333240699	-0.6194204936604377	-0.7913787329546438	-0.6048885055787028	-0.49486590570057354	-0.7829817500325233	-0.708925829883387	-0.8412420717773524	-1.023147316350974	-0.9786114585268023	-1.017957434252785	-0.9741577327492397	-1.1816015944997245	-0.9797888987266666	-1.1264305504482635	-1.288930388368879	-1.102952422646471	-1.3490225001344254	-1.2058374521992372	-1.4659258602238583	-1.5582908727828337	-1.2628114439087845	-1.5089662631125509	-1.5573700832278223	-1.7875125603261077	-1.5888673506040216	-1.8287808086310016	-1.8899749962303076	-1.7909993281457621	-1.990328318893206	-2.022697849696942	-2.020883690160251	-2.2140061810863636	-2.09861631001667	-2.0603192334458242	-2.3028408819124255	-2.1802073309554744	-2.2012402502447768	-2.4454711347968265	-2.498143678391617	-2.5888318046734162	-2.5715208783068175	-2.5042740767748626	-2.80172294844004	-2.6039995023075617	-2.6763962510702752	-2.7239618665116714	-2.9100690867807217	-2.815279639371816	-2.96567120841576	-3.0678837746052343	-3.162073384453886	-3.004481789482525	-3.163369920380686	-3.2521840709734717	-3.4634609646025765	-3.4586159347676615	-3.181178442250281	-3.3989672230907995	-3.4901611113450413	-3.5430664219462282	-3.481468102406479	-3.3186281160505873	-3.76787414629048	-3.6047536984155295	-3.8216636003357505	-3.788431733720389	-3.739270237259195	-3.874875219570668	-4.005712859970864	-4.121998041787245	-4.175485746029419	-4.242902630949681	-4.222359653293852	-4.309553034893039	-4.339780919463542	-4.371587355143096	-4.192627439900973	-4.5089375087672625	-4.402446117941719	-4.2080514561056654	-4.35981622731051	-4.618774288843305	-4.687019484581166	-4.712469184888006	-4.690648445566608	-4.6332768600117955	-4.923601620139643	-4.924344989738425	-4.926248063367566	-5.0629238135484504
0.038024714650838926	-0.016024458813949725	-0.06064850342568158	-0.25377177371553644	-0.15841948066991302	-0.27439877981538247	-0.3217802876454656	-0.19989019578281805	-0.4296499121761531	-0.37036872248675234	-0.5139129428378241	-0.54018353049545	-0.6088041755387078	-0.6499452697731526	-0.670694287970559	-0.746321997703778	-0.8853552215732501	-0.827543468209424	-0.7547667185606151	-0.9743732180701025	-1.0235782890945735	-0.9075443753409872	-1.1187108480209818	-1.2609604565331591	-1.3135836118490964	-1.3126933433931953	-1.1916278350848566	-1.3929922456578976	-1.5862555438201476	-1.549480554745329	-1.4980392380672196	-1.5765111253258626	-1.644204077476403	-1.6007300567131575	-1.8528821643587594	-1.898939536888019	-1.7754348854263402	-1.8501668280272652	-1.7557349304754437	-1.9040029606847286	-2.119264759105016	-2.0691966872548244	-2.133810489385171	-2.1885874915447485	-2.093807405281292	-2.1658175542856672	-2.377219624195402	-2.473224315405233	-2.4778027216695513	-2.443295844455048	-2.5191451922264694	-2.4369233680064806	-2.591428178277364	-2.639247623840794	-2.7212216366737088	-2.746566729843849	-2.8767526211551515	-2.841513216801128	-2.8590210722525344	-2.8671504614291594	-2.9949977095067526	-3.169546753849952	-3.1179221676797897	-3.2288066502537043	-2.9720690398337166	-3.4700545969507712	-3.605578369079654	-3.3072144851538754	-3.3197807062866906	-3.538124144782243	-3.579086032666845	-3.6025353786682888	-3.732270132591214	-3.458875502775602	-3.928898729555649	-3.857847347061438	-3.9099983912966305	-3.7912943234040304	-3.978166579122679	-4.13355809412548	-4.134491810562019	-3.8650682110502843	-4.191035979263762	-4.375784399889275	-4.432410200212464	-4.334254979173128	-4.168137636371614	-4.463803625575817	-4.556464776690887	-4.267924329538569	-4.544865399251042	-4.590383009919523	-4.754528506436024	-4.536821267147962	-4.8806647561033	-4.855605978505961	-4.781867652733667	-4.7927400053358	-5.025523689339155	-4.788799975942684
-0.10354789331272107	-0.046995092071089276	-0.16143959326206764	-0.24941477294164552	-0.3296001677977496	-0.1516838477127233	-0.2029481022766566	-0.464385973463028	-0.3232272861419403	-0.3829942132916773	-0.3800690575639391	-0.5007454606320029	-0.6038414676176079	-0.8070447471941187	-0.6868274177095426	-0.9053237842338717	-0.7639950525399889	-0.9416299069746399	-0.8405870512951219	-0.9624152581414168	-0.882295830584856	-1.04662797115815	-1.2348957469496145	-1.3135227633505162	-1.2661965886437379	-1.2370889379971	-1.2859296024113862	-1.4520598435380732	-1.401043037273529	-1.5374044431830145	-1.3393771601893973	-1.4861592606879546	-1.5463592207275754	-1.796165991341628	-1.728683004686236	-1.7932252643552518	-1.888388685891873	-1.9656368453001865	-2.02830795317023	-1.915094052257278	-2.1370267648719876	-2.1483569141701535	-2.201168578286836	-2.1525001944723225	-2.259031180604409	-2.214093702077873	-2.4697700675976844	-2.270196421200173	-2.5246330821222536	-2.548289389607136	-2.529442263098292	-2.578243001882411	-2.476445861861556	-2.5778707223255894	-2.857079835474721	-2.739416561831146	-2.6880888206057607	-3.0835117568704065	-2.932077817209382	-2.774020186850584	-3.0408448054655524	-3.2395819760892333	-3.065156597492383	-3.249415262644228	-3.11911985440009	-3.3069948069106827	-3.383002383439793	-3.4371184740316845	-3.5660493654806538	-3.5313764064808177	-3.725527991123006	-3.660615260191311	-3.619406122693732	-3.6631533000426164	-3.635648326675557	-3.7068426080682144	-3.881307259385069	-4.000763929254852	-4.07789080129547	-4.044054743786626	-3.9585225647568345	-4.154722904861124	-4.068362584873031	-4.035382971108008	-4.256613720984959	-4.303747506699843	-4.3229383500698075	-4.439719840387537	-4.408783823459489	-4.516330473962659	-4.6386546676099325	-4.6843384856684755	-4.654749882598319	-4.705439890449499	-4.731016017955129	-4.752615073582111	-4.781393148219364	-5.005659688652775	-4.725010454379814	-4.973965448403698
0.011199936999838405	0.1903679522786989	0.03378002027121828	-0.13277739592032234	-0.2737692026722793	-0.1528216207461986	-0.29309312646084706	-0.18995773853270542	-0.5008105790376697	-0.5251113960953936	-0.6472847017927027	-0.6449593895208514	-0.6681432409937478	-0.8153733577186033	-0.6245213663013712	-0.744871677694548	-0.8796943888846958	-1.0478958697622223	-1.1041858369876438	-0.9657305320656937	-1.1948356061205248	-1.128814459521069	-1.0569341842101143	-1.0542078855415258	-1.17951012807096	-1.1686955198272202	-1.1520771014982316	-1.2541083561150637	-1.4845952120890207	-1.5149985096377916	-1.525229209860704	-1.420508893746009	-1.7256011535778129	-1.7062290475787847	-1.6577645727505024	-2.0084823600764863	-1.9233810660758701	-1.807997238607247	-1.8002505096306667	-2.034923931777996	-2.1907087178580817	-2.06662653029786	-2.0467266430913087	-1.9959580701628523	-2.2864616567832363	-2.1856499986035036	-2.370357716251775	-2.2375171235245985	-2.4124933485083897	-2.5276206172637385	-2.59099720047945	-2.5991249971472286	-2.600121010813397	-2.559417512736344	-2.853075816622748	-2.7840400647600583	-2.985385716175984	-2.827866721647798	-2.915800155342526	-3.1285206884497665	-3.0931148829842448	-3.0512100002837954	-2.826921081471441	-3.3655207300260406	-3.2586465806184983	-3.4535923149423953	-3.435464417014427	-3.393037899741121	-3.7066607741310333	-3.36612943155665	-3.5065858227018136	-3.688390655988267	-3.709893931488984	-3.4974159891959506	-3.672675290665734	-3.662110354692931	-4.014237445449021	-3.8532707593231614	-3.9096553058754235	-3.9702789324765333	-4.099876711223098	-4.211043686701034	-4.135526383628907	-4.410436226291905	-4.144961286633685	-4.255748093840525	-4.189865597946547	-4.256930185996329	-4.471049726310738	-4.601194316711641	-4.743042062342491	-4.64071028928573	-4.765229531467743	-4.753162595209214	-4.841152105150251	-4.645671346180006	-4.903243582757578	-4.873662412745718	-4.953737272569106	-5.0792528736344345
0.0806324130747215	-0.007183910122860647	0.024174300159452253	-0.2080529066681739	-0.20672895584409035	-0.1168186517142202	-0.2597773261448642	-0.2137703630823216	-0.45667248913144787	-0.6305501293524578	-0.514354172057128	-0.5993420551324726	-0.6393551916664052	-0.7701002378605277	-0.5888442314837011	-0.8127372685790951	-0.7751223177827418	-0.9273069407500812	-0.6548949317289969	-0.9161097817821218	-1.0969583670466856	-1.2223530851255862	-1.1459260299409282	-1.1852604312788282	-1.2572503575323595	-1.2902263216887617	-1.425102532999319	-1.5107069327840905	-1.2600832145523322	-1.435308163093202	-1.4892720025481054	-1.5984138737929114	-1.510240851765128	-1.7178263612146285	-1.5627012862899656	-1.662055686061814	-1.8422629374953627	-1.8456977672963049	-2.0203785227926163	-1.9628765057659738	-2.096353893970118	-1.8985859874231554	-2.16406632781823	-2.338571689398086	-2.176061424649401	-2.386710896966693	-2.2150634175152994	-2.2844894632177986	-2.3488129127055677	-2.488649607137112	-2.421131621245769	-2.4606333558750477	-2.549346903401429	-2.701550811393764	-2.5898396880096395	-2.682450163211853	-2.7736447528152404	-3.0051503683865057	-3.0750970202579104	-3.028555229678566	-2.8737513655306612	-3.0720745833692558	-3.2094630707739737	-3.2450435661730577	-3.2518772168297443	-3.376102502050041	-3.338696645494511	-3.3970621076026215	-3.39888039811863	-3.4514998817215954	-3.6361057260347938	-3.5950119003759666	-3.765817418817826	-3.535952581559932	-3.668981034403738	-3.725388537366048	-3.6003362911903762	-3.8704519769479324	-4.014370017845066	-4.041739695713405	-4.157134685359753	-3.934644628739197	-4.3107906664306075	-4.240250448549706	-4.337217900888752	-4.316138429038466	-4.344794576495414	-4.317378600130479	-4.4656360789251766	-4.507632539569111	-4.481676073276905	-4.5623679288132655	-4.679846995704661	-4.570926259678328	-4.842602210092216	-4.728401430820723	-5.01263604868843	-4.966677592829807	-5.090082212587961	-5.20005568739463
0.09033448505383868	-0.156823934727608	0.004220787969829776	-0.07533284638554001	-0.27946038868825873	-0.3245099564279135	-0.3265194205473643	-0.3798268297761095	-0.3749911373395126	-0.5967752050099024	-0.32437144228520476	-0.594449617985023	-0.5989001260732287	-0.5489676233368244	-0.765979913888324	-0.8945395953377171	-0.8531223164168674	-0.7317697957604383	-0.7812185822275716	-0.9767250233727864	-0.9159529091326037	-1.1492771616550375	-1.0322439936181924	-1.208869651725678	-1.2564236847371941	-1.2290703721097942	-1.3207904683175724	-1.3050694321449618	-1.4990525488787578	-1.5460016273198962	-1.616076678280061	-1.5648694277773396	-1.5099527498646441	-1.5408080343541122	-1.7677914753582675	-1.7697494345982818	-1.8389130244714285	-1.9719151785989422	-2.0833336500051702	-1.997029780089347	-2.000444353457579	-2.037072810265044	-2.084800348725379	-2.2762243559299717	-2.227358174740682	-2.284267621213792	-2.2166454747052007	-2.3602816536549893	-2.510231810805178	-2.69276199741548	-2.518976950742211	-2.6841148320702835	-2.758253864204844	-2.619565547710493	-2.7039852371194355	-2.679720388936623	-2.656651897789757	-2.919309672579956	-2.84252713349826	-3.14588625186131	-2.904886653617842	-2.9368776404800307	-3.1140455494710397	-3.3093231036016744	-3.2465024851422686	-3.3378098361828346	-3.347470203939551	-3.3247126771110063	-3.4815940780007377	-3.4362599294892946	-3.692587142368496	-3.660218938035127	-3.697558646090685	-3.5663795302255608	-3.8882570739991804	-3.595706193883923	-3.938001722776179	-3.9772989306019073	-3.876172582745793	-3.927535752986729	-4.035006053889015	-4.3701802113601405	-4.053427107227827	-4.1022102583805635	-4.162199630931794	-4.300662959784739	-4.370842321064648	-4.387293297023048	-4.403600303797038	-4.284923622121058	-4.644258418579224	-4.7505742097910275	-4.771712456757543	-4.645223748179977	-4.742139856209825	-4.611566606928258	-4.76704929336976	-4.773335409166811	-4.753468480140909	-4.935095309734565
-0.04198094164519517	0.02638226513844582	-0.1364103021031732	-0.177383803389574	-0.33530936639135467	-0.35217351703221234	-0.363474654420731	-0.4960766201390556	-0.3299359654866602	-0.3050181330210237	-0.48733328298040046	-0.6598592535920409	-0.6083061611129631	-0.6889850900203589	-0.6655500649129449	-0.7335865634627237	-0.7625467568285395	-0.8035946274033227	-1.015508517577586	-0.9717181898703521	-1.0211452611996017	-1.0482100559011427	-1.1495349092596494	-1.1802799560462411	-1.375528312333487	-1.2279819399845922	-1.3332814243937878	-1.4877869479763388	-1.4289803335057873	-1.356753499394317	-1.5917922822022765	-1.5605046257155064	-1.6438596971283128	-1.6491583232379807	-1.8396487392640617	-1.6605852043604088	-1.7414431554507366	-2.029213620001111	-1.8527871367665023	-1.8735609164311462	-1.9947464204021401	-2.2961194531159426	-2.212482693829611	-2.245583644724836	-2.2305055906285216	-2.1615060333557587	-2.304703211696879	-2.2939568009006375	-2.6343821276187747	-2.3248777543115593	-2.33066622254782	-2.701808024340237	-2.536573652374672	-2.652528243086556	-2.678865825102206	-2.7291032311082812	-2.8255057247162196	-3.128983924011272	-2.8866642178703206	-2.907045979673414	-2.913702003122578	-3.234921031360377	-3.155878409718495	-3.1297343740297574	-3.362674251791376	-3.501112654886592	-3.2447449473799854	-3.5413904441657396	-3.3529373894323418	-3.495791704201395	-3.5268078943154024	-3.5269195253303707	-3.5995541349571636	-3.561523417950162	-3.7652776820774334	-3.937773152995994	-3.816287856209439	-3.9046467682941115	-4.0872059297971965	-4.0510387339039875	-3.8981049559837113	-4.228259148313128	-4.241628019902532	-3.8875643598108462	-4.129317123498587	-4.296527289134092	-4.368468031916209	-4.252082617056136	-4.48390602763806	-4.445070441928757	-4.538435065906727	-4.569059158785236	-4.798978886764787	-4.773716379775978	-4.909116111469638	-4.825789291924258	-4.688274173571972	-4.880027185417227	-4.901083228508193	-4.999808157677212
0.07823911911558208	0.0014443471244246983	-0.25173858823820533	-0.1854388960936371	-0.10777328397238323	-0.42780479459068627	-0.17093186688603762	-0.40875982410767464	-0.48181432365574167	-0.46008427124183077	-0.5407701279792293	-0.43938822602532357	-0.5975105181485155	-0.555707118178114	-0.7327375150531541	-0.7963700905935687	-0.975531402007242	-0.928672705351527	-0.6468719678055164	-0.9410521223647186	-1.0586987349270163	-1.1266008395861826	-1.2133731874560945	-1.2175774270025874	-1.212831046399713	-1.225001639857386	-1.2605271025660085	-1.4859214019981548	-1.4424692937027135	-1.5989309283475828	-1.5644941230921177	-1.3390645413946678	-1.6893385136702164	-1.5412741792129283	-1.6286357793402608	-1.8474959250788874	-1.7922971490290414	-1.9367754520958949	-1.9577917015299822	-1.9955602832654709	-2.065346117928228	-2.1938295751283476	-2.2046047628694314	-1.9848728671855687	-2.103436036104768	-2.095614247461902	-2.4110550335342826	-2.3924786855439995	-2.449353640856323	-2.337911142751424	-2.56395546228578	-2.7014208397631596	-2.6771832244557827	-2.7080099956634993	-2.5714920409997815	-2.707795886138785	-2.9568543367586932	-3.0706576688792997	-2.831721146247446	-2.964643240772382	-3.121460666133906	-3.1098223400855454	-3.1003237101118435	-3.0359263363289433	-3.2462526533227503	-3.1687265378838467	-3.3111867408168756	-3.259624922944972	-3.4614502878966804	-3.498649833569259	-3.5175219285247974	-3.629883455535631	-3.5666685325786194	-3.835605171202201	-3.6901333719845644	-3.692070667181633	-3.813844790994815	-3.856177868882371	-3.855253823395715	-3.950056009423171	-4.056863620595334	-4.30731679502509	-4.195171082552155	-4.247573383047914	-4.146168349768901	-4.304359187376554	-4.42354698959487	-4.321361527510505	-4.316086203740681	-4.467252654955563	-4.608342274712573	-4.611493435050551	-4.444138445100148	-4.7901583582003	-4.670047745351341	-4.81485687530878	-4.738216214544607	-4.73861897093256	-4.858676179952257	-4.956309293417736
0.19058226217951185	-0.04450613658355387	-0.16026893456267044	-0.0771519063390592	-0.2765235873077068	-0.13459145271484962	-0.22734078619333847	-0.3649753237803644	-0.48896177225497695	-0.3381086938952108	-0.606965653857658	-0.7158722781795122	-0.6496801111969903	-0.7388437732537736	-0.7492118060413072	-0.8777133375754997	-0.7527080382870379	-0.765748513960897	-0.9231498840784059	-1.0664462125598584	-0.940056055897169	-0.9173576324903129	-1.2088071678331571	-1.0438044453998934	-1.2683868481299132	-1.2548983429037879	-1.294493865365599	-1.4441392761640504	-1.2554258528004687	-1.6338749711603748	-1.5906084413263142	-1.6671016530213805	-1.6576537263487046	-1.750821315743742	-1.6561552455869266	-1.7101050112878757	-1.8374255445532415	-1.8646449549969244	-1.964934015352797	-2.1325107519184594	-2.081039348788356	-2.210706977204031	-2.2870897362951705	-2.259301021589909	-2.094383350833544	-2.2247833002064645	-2.475593545805009	-2.4733797849931087	-2.476446442594443	-2.427165646051597	-2.542200400274795	-2.4536477399582766	-2.48503104840822	-2.679055824188696	-2.880379012419125	-2.8782711906062994	-2.9570013210306874	-2.7421109267783152	-2.703688279530038	-3.046132244546837	-3.0163162934865424	-3.187366116405373	-3.0631874688009058	-3.1938657273141953	-3.0521531908372266	-3.3209064329633047	-3.5309301453084014	-3.4538775158609436	-3.420792338112182	-3.3283750320602237	-3.591447917637961	-3.6804454670390796	-3.658399483798704	-3.5325977290210338	-3.6725677095793556	-3.6722922017538315	-3.974434578010284	-3.788096092429936	-3.9380263416267436	-4.051039924651166	-4.135520904442494	-3.8797513575797073	-4.049709667421345	-4.18852962238964	-4.300259936868426	-4.351148031690278	-4.308828287332165	-4.574002593757848	-4.375281443805605	-4.561598261479944	-4.511980467505284	-4.628287910314556	-4.670439838810461	-4.8212348822365945	-4.559420290732779	-4.790734371746002	-4.879503211417644	-5.176588034160358	-4.947708827755213	-5.029779388207714
-0.05853548113703677	-0.18873810145510098	0.09952074662622797	-0.0996496758535804	-0.22665998599736187	-0.18538904549734614	-0.5543459511959328	-0.34571475253529044	-0.33002389011663613	-0.4423176222274509	-0.4322918474603563	-0.6127360209319064	-0.5291749263661929	-0.7438995873090307	-0.7623423010842804	-0.7743561187356107	-0.6331062944786002	-0.9963656251146814	-0.9378653090631689	-1.0978145244208999	-0.9928213689865295	-1.0242960221584294	-1.0852621987789597	-1.0434768556356333	-0.9398986160770675	-1.1987460885970087	-1.3100274457017842	-1.38996916473096	-1.1386814349299812	-1.463198145863107	-1.4547122190105222	-1.490933201231461	-1.5190125135777746	-1.7088907239860809	-1.7264925407461738	-1.7168157686410181	-1.9187197708076191	-1.8944680664282219	-1.9398103768041028	-1.939473798407664	-2.088106415786873	-1.9460964179739682	-2.25777114864629	-2.0227920155281875	-2.057554065529291	-2.157287010588397	-2.3110584839685275	-2.417765953649772	-2.4518457978839483	-2.457780793886627	-2.5488329938152225	-2.5030883740104173	-2.6738090973509023	-2.647452239580706	-2.8332878127383068	-2.7582094218596476	-2.833559156071634	-2.897453192482315	-2.9181646556454477	-3.0792656981585864	-2.9586771409210235	-3.023660619711647	-3.042297951780928	-3.1694443242145076	-3.3228894099015407	-3.2359567728442276	-3.3082022846203305	-3.4927726425105603	-3.505023517713197	-3.4477213057321494	-3.413308582245997	-3.6167727628624444	-3.6470730089686376	-3.6406228209789178	-3.5687121913391535	-3.684226040093841	-3.8306478174498095	-4.055295537639775	-3.707802700123414	-3.9287002084506097	-4.138169882188761	-4.086201294524065	-4.261626920832746	-4.173617344542781	-4.340548021348714	-4.413302270247694	-4.549403892967853	-4.254668912631708	-4.308851873661595	-4.673074736786578	-4.6257116340556514	-4.501219032365823	-4.667657947930525	-4.480346273727866	-4.6611342522685195	-4.641408250359835	-4.884218353140368	-4.932945695415899	-5.163782404318202	-5.107987688105302
0.11458508688897738	-0.011481867034823554	-0.16174107454675735	-0.2690534147086127	-0.21938466896012035	-0.10713836659178202	-0.3429875538183952	-0.20903549048671485	-0.28747471677888337	-0.4958603255491016	-0.40925304407409685	-0.501917673185621	-0.6059376503743348	-0.6133034400965895	-0.6092367378610617	-0.7759221128432162	-0.8785755309196938	-0.8617514960637097	-0.996325347342839	-0.8130633673283832	-1.0809844279341796	-1.1159691247314552	-1.2884467234841828	-1.0639989767924645	-1.2972401878633155	-1.179129125019308	-1.2464102100449397	-1.386379432558966	-1.55117009520872	-1.551755686255683	-1.3877689662923165	-1.3659585169458761	-1.5469708721668256	-1.625828468482962	-1.7709893891877737	-1.8314784636850494	-1.6985454078579403	-1.9666704487764177	-1.8224714650528766	-2.00528856512162	-1.9954076107561711	-2.1308617682135136	-1.9758621343795757	-2.1447498783102747	-2.147628870475119	-2.2341735705755923	-2.2107063629859063	-2.3613226473345703	-2.4720911820381013	-2.1859715291609287	-2.49149801800701	-2.787676686962949	-2.619435419883582	-2.720153105505618	-2.8306185138205535	-2.715029408936422	-2.7770001144609604	-2.8013539015125826	-2.9540937381868857	-3.0768586310807358	-3.004799842856411	-3.082987769038567	-3.053418293802526	-3.4273856893727803	-3.206187487153286	-3.1774001852084752	-3.4051368755546987	-3.4106178208539992	-3.2269200026229345	-3.5125125182233	-3.5693233536288806	-3.708074343100402	-3.526905581408992	-3.6105118981465334	-3.875913502595611	-3.915309530389137	-3.7810972837829215	-3.862742432244365	-4.100405985294599	-3.9666055211097118	-3.997519252428283	-4.081419050426125	-4.138995194820995	-4.200816731217915	-4.1485947975896	-4.314920097797208	-4.313356363597156	-4.412401784189309	-4.320503415111374	-4.584120775556595	-4.403218085032977	-4.479471426245025	-4.676753870060041	-4.648352332708765	-4.86559966401915	-4.779120723221337	-4.771625173208786	-5.044721173911523	-4.90630258375332	-5.126533937280957
0.023510263619043754	-0.17398218441085367	-0.13932788212192854	-0.40503230854309324	-0.18099174640405286	0.03167185454458943	-0.5003985840629794	-0.30130925318981033	-0.26531313324067074	-0.4795383901761627	-0.5564307651196749	-0.6199910628432652	-0.6139664503492351	-0.6765165329608321	-0.8294081568053412	-0.9667992439809324	-0.9939572825676353	-0.8331813070824446	-0.9440750737935865	-0.9314744182573748	-0.9797982682745904	-1.0572937422291184	-1.2508194386881963	-1.0899551283874573	-1.2756447123561794	-1.3671143178811327	-1.071812610381742	-1.4965728623288086	-1.4547574284350047	-1.408280958308574	-1.4528757042937948	-1.3983099095096359	-1.417860820822098	-1.7248739924247039	-1.6224412799287053	-1.638163135625465	-1.7453438931183616	-1.8911217115979362	-1.937288083400679	-1.8749545452568428	-1.9493867935629832	-2.1793875598344723	-2.2355696749788554	-2.0938923923693222	-2.121507509983332	-2.285426062117612	-2.3329942409359155	-2.4387441758564243	-2.2083617906568853	-2.631795299556894	-2.430898050184661	-2.5309658397415915	-2.73418263066235	-2.8418346308925386	-2.7014736071017094	-2.6980995790594045	-2.993081953426273	-2.8384259148420004	-2.849092640382547	-2.757414397656176	-2.962403233887081	-3.0997829670136716	-3.128651057949756	-3.0739646862704615	-3.2551746606350704	-3.260374372158331	-3.38781188698465	-3.302252695447012	-3.5975449803423585	-3.4862124294925683	-3.368164329456423	-3.4870059069478896	-3.7897712086519597	-3.672255428891394	-3.8126067181401613	-3.722062990763771	-3.9919411907537135	-3.8405430460530416	-3.892206111060655	-4.102567142820887	-4.0945090014962595	-4.10108322643509	-4.17733789563039	-4.274972731261578	-4.405654983689883	-4.297316960336596	-4.399443721996834	-4.3473397720641	-4.416689367144579	-4.439658829862067	-4.532486922815374	-4.471714975145326	-4.643873348218494	-4.731998820520607	-4.888455074207215	-4.808049871006221	-4.844372988312515	-4.8372428054075485	-4.860026839372124	-4.815695960017759
0.17885747712165456	0.15854824186630723	-0.19908747442797037	-0.29543972118517814	-0.25171860076362496	-0.4247263998031804	-0.29713231445630517	-0.21698710686352948	-0.6652447258746061	-0.4434881307324998	-0.4905748431315914	-0.7646401701076881	-0.4992773939705284	-0.8248052145687963	-0.8094966964509296	-0.8395978206698308	-0.6410042480540541	-0.817283757267149	-0.7375382179825776	-0.9089087238151086	-0.8938605740929244	-1.2902097684387797	-1.1454975725033	-1.2157194008875605	-1.2704326785969455	-1.37889998057017	-1.3030571763186063	-1.2704042019326542	-1.4153675442519775	-1.3391919484893324	-1.5570300602286622	-1.3146210022120797	-1.800712594244136	-1.7102213544097153	-1.6431424298278383	-1.8299835524014876	-1.8116476034945743	-1.8022457257449913	-1.8926280839461749	-2.1193858856721914	-1.9688509126098697	-2.0439359288958494	-2.2775176162222177	-2.1726182125890494	-2.1045386107268813	-2.2918196247064877	-2.2194878169575234	-2.2227575770210737	-2.4636896406315714	-2.4514934640400234	-2.474960629716584	-2.554457627553843	-2.5995161210941804	-2.728449372682839	-2.7788071648733568	-2.636420310103192	-2.7041659432715672	-2.925870178622731	-2.9517266455536433	-3.1167364741635035	-2.976732343161783	-3.0962998434248843	-2.9472624486402896	-3.295025827872983	-3.073244952584604	-3.3316844350991617	-3.2777600855487763	-3.4699159723210413	-3.3281292351554366	-3.394966674965936	-3.527211612282979	-3.4651594086623607	-3.5762796747261514	-3.5758867236270695	-3.679172946777501	-4.028431192497066	-3.7490014061181567	-3.812375567327123	-4.115436455040424	-4.079724142398379	-4.027907118126051	-4.187403540997972	-4.087500823150524	-4.198697542074401	-4.349300133464243	-4.229596427405769	-4.30680043021388	-4.177561628992869	-4.327872550791892	-4.451575073720552	-4.514190395389872	-4.498449919449722	-4.576591329841549	-4.651009218042047	-4.8549063061955895	-4.836654491670739	-4.981101266913092	-4.862102466815199	-4.9417396482327245	-5.0785979812574205
-0.021694890810173003	-0.09470575845832657	-0.11748203503828925	-0.1615254034946377	-0.13295357469798474	-0.5207389198038251	-0.34043635681282214	-0.22483243430088345	-0.26191854573872203	-0.4508672987131958	-0.5288622734986068	-0.4722681185925418	-0.709254974820277	-0.602368028171182	-0.8751131345193344	-0.9027755178271806	-0.7298116889265251	-0.7931663037444567	-0.8485238347109497	-0.9979585997656464	-1.1449674057964425	-1.194740235182499	-1.1279155522290345	-1.2516470871138288	-1.2651443002875946	-1.3623520929315416	-1.3872877330725886	-1.3527457245373338	-1.3809658661660988	-1.1966115558749293	-1.2562728681970061	-1.6384702964302182	-1.5357535546997736	-1.6078798394264162	-1.6252718989678459	-1.6352816843202274	-1.6104629577228196	-1.9534268478089722	-1.901772818529938	-1.868360155433828	-1.9823567325668017	-2.162622412452425	-1.868999243019926	-2.1207471336115447	-2.3376575980552303	-2.334149030922175	-2.429996200809936	-2.3270176199929815	-2.392685038819712	-2.3570831201825504	-2.5104894307276715	-2.6131302022814604	-2.5290859345315138	-2.4498301558799764	-2.7265143496488897	-2.5997586781168835	-2.930858911964939	-2.8810450497091797	-3.0027883408424088	-3.1140264746515616	-2.9263890370816914	-3.1448195962351053	-3.1614491399553177	-3.1659172792081014	-3.312759065500238	-3.2223332064639543	-3.1483578439812834	-3.3130998181346953	-3.4303208998938404	-3.4812499725915145	-3.59847437452298	-3.4696612142741388	-3.781581688689148	-3.7368568172418217	-3.8209215618662253	-3.721719939021272	-3.708209204844381	-3.8872658463654814	-3.9413799472419866	-3.868416083413184	-4.133894374410557	-3.965200042017708	-4.186040661097879	-4.0821638734651335	-4.164549437837279	-4.279770652021405	-4.335685756096563	-4.373168056049881	-4.445226530398692	-4.42503350993328	-4.442723749892522	-4.79571944916303	-4.794539975621473	-4.736407108894018	-4.88744400978452	-4.805605657870748	-4.777910300540762	-4.85434363137374	-4.7049902711683425	-4.876723362314777
-0.00373631711626653	-0.26222514368564115	-0.048040664318933536	-0.05212243758234318	-0.2635029880702345	-0.22137023777173212	-0.2150358637046486	-0.2722761678800626	-0.446642621014104	-0.41404281897153256	-0.5172686749960004	-0.482597879415549	-0.6955422531734258	-0.5624847917631103	-0.7201152686082187	-0.7843445222598173	-0.9008455811888665	-0.8649029795568773	-0.9607882421754238	-1.1116710455078307	-0.9451783878001061	-1.1164148963377873	-1.1679258686088394	-0.9779780772443363	-1.218341896118214	-1.247947331620411	-1.3215473803344395	-1.4233454632300144	-1.2952257531068638	-1.5399994111969717	-1.6115339999631417	-1.5153322134098064	-1.7846565891636694	-1.8305342942260687	-1.7508809010228534	-1.6441860629768774	-1.660567406666212	-1.9157907885829248	-1.8438944582796994	-1.7579147496901968	-1.9288456328396755	-2.132439890876304	-2.131665917916758	-2.289690901071536	-2.141746968203602	-2.3314827353770693	-2.020990737385105	-2.3685211667069423	-2.231073181285497	-2.5110524578561586	-2.658747259387595	-2.4872827286342423	-2.6751477295938053	-2.5920064409824333	-2.756067468066992	-2.5914736620672585	-2.840920669146114	-2.7654305038347196	-2.7987930950614235	-2.8572477690259346	-3.108792641958955	-3.2527930706025265	-3.1173377366164576	-3.3633299982819147	-3.149226172413093	-3.2711714722994283	-3.326009706064635	-3.3938045988915495	-3.35558558215705	-3.438984287002259	-3.5768013445998923	-3.62435149915336	-3.642180636333754	-3.743081308017798	-3.6608940138642954	-3.8290716875670725	-3.8340527262839474	-3.9347494942557413	-3.973537754657824	-3.9011232659166644	-4.1273943134899485	-4.259543986342222	-4.221019077424039	-4.181541866073657	-4.281300681579263	-4.432525715565953	-4.308619641362078	-4.479474239205785	-4.549009388277726	-4.372787016294065	-4.410563235085368	-4.564228851625519	-4.586547078964325	-4.790901723143205	-4.811953166115952	-4.730996409835475	-4.864754010275824	-4.9778822896558	-4.994937665290729	-5.072842743070628
0.07841437156580945	-0.047393653623672025	-0.1277749457169502	-0.14759878418455624	-0.3038277870196936	-0.17884897214192047	-0.09875525261484958	-0.6118658192628545	-0.25866433889245044	-0.5622606184144635	-0.3777628215517267	-0.47568365909881416	-0.662536291257509	-0.6335298374684809	-0.5695868370413174	-0.8194521793320293	-0.5513971528306926	-0.7475295251044417	-0.9914860106140955	-0.8601453862784125	-1.03238282087249	-1.0659895898534584	-0.9176855606896457	-1.1612309606304914	-0.9571368982505506	-1.2051136273139618	-1.3739795659399374	-1.276506252455182	-1.3861010983543571	-1.5071790734646304	-1.522035237370187	-1.5669307601304483	-1.5447570405988396	-1.753621726404834	-1.6930890489772523	-1.7723572809097745	-1.6983423231050996	-1.8690922302086646	-2.1020518818129283	-1.8443882087631907	-1.9835978787167754	-2.1137948862560196	-2.2147365699672292	-2.1839478940471513	-2.327321509629934	-2.2296179775939358	-2.381817712528747	-2.4533598756016732	-2.4648868057329802	-2.3822095979093505	-2.5066322022548273	-2.566405133236598	-2.5221489462426545	-2.6656121470231002	-2.5919296578441138	-2.8315431362693557	-2.9022797700386382	-2.96667613316472	-3.0590149505093525	-3.0513309637293995	-3.0266646587720456	-3.2716891981896015	-3.0793176607623334	-3.389964726087291	-3.217150349383113	-3.290604760601701	-3.367954181234225	-3.47321026210793	-3.49800539236272	-3.5754935757090065	-3.530311616035993	-3.602963236490277	-3.636785644902668	-3.661808537058214	-3.8616980029014814	-3.702111924575094	-3.9040944351246063	-3.757775347168807	-3.857338585050921	-3.8408889938690924	-4.1136644648444785	-4.157859258049989	-4.042219328341358	-4.089885472780251	-4.139031088269091	-4.4065307388642205	-4.305640924221214	-4.387155720109074	-4.639089354376101	-4.469588574218779	-4.6192090124172935	-4.664233381650756	-4.654909960281738	-4.846206347006788	-4.703310295788842	-4.67272668203006	-4.7493711489172785	-4.860584145652754	-5.006656988488028	-5.058768363903406
-0.04727236600387106	-0.07097673777326942	0.1083570243830012	-0.10562707628125514	-0.2544757556335893	-0.3588362544932937	-0.3519892400187173	-0.18605872237037263	-0.4198053777749561	-0.4218539932348638	-0.4808557605315488	-0.5101598014303967	-0.5180642439778408	-0.6950253978377019	-0.5753720910837287	-0.720439633769494	-0.9674780802584227	-0.897660734753789	-0.8038467634985869	-0.7817536794136097	-0.9976579637168876	-1.0447283889249237	-1.0860410586665725	-1.0943041287924782	-1.3516366548345462	-0.9519748442156091	-1.3155661194253307	-1.374534036116279	-1.494304781045057	-1.5237924805915857	-1.3778183721093034	-1.5892067832578969	-1.6325239213037936	-1.5167777285579902	-1.6355657548073406	-1.8875927718948342	-1.8073780279336462	-1.7238898114933918	-1.967548735883103	-1.9268340675398037	-2.107774483940588	-1.8753990048588776	-2.058744156566329	-2.0028101874729747	-2.1594072991018045	-2.221206124230539	-2.195895744388878	-2.4051343280207154	-2.5274013403004587	-2.3928147829133883	-2.493282611020526	-2.448722802015775	-2.535942261958521	-2.7014023577558723	-2.59451284145274	-2.6046585210041355	-2.8571857175826483	-2.98500855314292	-2.6960525696245754	-2.868736952914593	-3.172203675026279	-3.1699541677358134	-3.070089422155287	-3.1761939213619454	-3.207854693138771	-3.4425287887484735	-3.2234659478908787	-3.4954118851045495	-3.4108679785745473	-3.4735619235291337	-3.4017140352529336	-3.441111653489439	-3.661263117776359	-3.693514720544438	-3.678540396876264	-3.5498925113545314	-3.79485477384844	-3.774627897911996	-3.9027082639628725	-4.066725047491007	-4.0492263514534566	-4.121915876357938	-3.932751272441846	-4.300404580533557	-4.448629386384471	-4.316459407909385	-4.241972732092832	-4.369888810281581	-4.469495802791313	-4.397223389576743	-4.618333596967868	-4.679975105483913	-4.6967663388741405	-4.65787140485395	-4.555064381146282	-4.845897003201317	-4.832560192215567	-4.874091492387297	-4.782343997302525	-4.946178668159611
0.2099127002071831	-0.11737037454092797	0.09378267251841475	-0.2656924846616501	-0.21020692465253762	-0.32208927330956283	-0.24492213806021867	-0.28861339997911356	-0.2970203300547984	-0.3854363744646406	-0.60186891953545	-0.5052330718574793	-0.5670513185643838	-0.6574927021814188	-0.6911134570178561	-0.717876193190528	-0.7945518853878379	-0.7422177458380304	-0.9846959034393539	-0.9375407154599485	-1.1137602402494022	-1.200031550392941	-1.0196873029624836	-1.2981538727807298	-1.2519586668134683	-1.1697993136069784	-1.2259907905602625	-1.3243286701854358	-1.4468267314074534	-1.518669471820039	-1.417242285838935	-1.7391792403936772	-1.6042391198946055	-1.6339630739706896	-1.5453270499960885	-1.7367290733313752	-1.7780223533173332	-1.9206615952974286	-1.8603728449386239	-1.8507576982116987	-1.9788725545676267	-2.0110539546939377	-1.9847316390084215	-2.147212229265935	-2.224771857228335	-2.3237621117851157	-2.342031362046152	-2.3703183317068963	-2.578157612392121	-2.3901907726333826	-2.6918455418197875	-2.7405434060877414	-2.5673219574290633	-2.6596342639530888	-2.700004482902901	-2.6536873295211056	-2.809576050128635	-2.9783639580126855	-2.863327675639908	-2.952713010889532	-3.0526928299876848	-2.973529520976324	-3.018761741998701	-3.5284853633575906	-3.165882735324991	-3.2842253761509843	-3.075998227779632	-3.1969843334713888	-3.2837451998581515	-3.5628271730515495	-3.5759830291486425	-3.537327561822441	-3.578080113850556	-3.6990093007493727	-3.804874567642235	-3.866388474979449	-3.809364555494632	-3.7801145810675303	-3.6678791268617625	-3.78402251957436	-3.862457419255717	-4.193560607896089	-4.028201128313746	-4.117568233240773	-4.188770286435984	-4.121276785268117	-4.535731854439094	-4.398528663751031	-4.2757038244944185	-4.4978394112867335	-4.868186511857898	-4.6663239965475585	-4.709163964243158	-4.577282669219133	-4.714786079262707	-4.895939355200554	-4.824439257910283	-5.052950421569648	-4.980274913708295	-5.209716511858324
0.037738073695002365	-0.05612234333107476	-0.0789360798959243	-0.09659405146370131	-0.12719216022540064	-0.25692586923285704	-0.166123593094571	-0.3425569619595908	-0.2635643376714176	-0.5354446966732673	-0.7334704821992014	-0.6673569331413092	-0.7593798633101351	-0.8301980416750683	-0.8857086198547717	-0.6302777666949588	-0.6856948430781583	-0.9213683051206071	-1.065277293112252	-0.7603077396052652	-1.0004727882211861	-0.9862472895285933	-1.1556364915692852	-0.8921626770662774	-1.2431127463632659	-1.3361784942198602	-1.2832878945244053	-1.3998779267462456	-1.5204560222717254	-1.6203351751861281	-1.6253178347664012	-1.5153254675942454	-1.6721331909563448	-1.8195898656363214	-1.7197531713639174	-1.7036962841769456	-1.8364772561075458	-1.9626904243951386	-2.086666780773017	-1.7891624621853786	-2.106707213235378	-2.199743104860902	-2.0652650034471614	-2.079242056589816	-2.333572884174504	-2.29625757550265	-2.1123302932798698	-2.406183744442389	-2.445453201377033	-2.48058974744594	-2.508445089295839	-2.6753806818529027	-2.7933678130321713	-2.6047725167863454	-2.8597161318041433	-2.7289746124458	-2.827238573620492	-2.8720538149837607	-2.97546506369674	-2.9722910537849523	-3.0830216107468065	-3.058240809012875	-3.1478186349768347	-3.2204819729658993	-3.1150094994061233	-3.475587709945921	-3.4285546903553703	-3.380282430021942	-3.430638854377876	-3.5765538849582716	-3.546902801717556	-3.5406605815997128	-3.6676497035514437	-3.7759223436439027	-3.7138997475621998	-3.775409326071253	-3.8880465379848874	-3.740374887474022	-3.973600007654743	-4.089304077813995	-3.947683705500078	-4.1618606467556996	-4.095222974579067	-3.977367198451924	-4.120382762164184	-4.196203431202001	-4.278767512471166	-4.410810402218712	-4.447058966334797	-4.683724932918653	-4.617538287298709	-4.58119246111986	-4.680278611505974	-4.735516949082761	-4.863049393639498	-4.87594180207558	-4.876376968907614	-4.797335985553048	-5.147416756169173	-4.921777419041942
-0.16819817369806414	-0.04824854956635311	-0.21693908834782616	-0.12075642447881291	-0.13331548874138435	-0.19446837000034592	-0.4033016775406768	-0.3871925976493292	-0.35431457321847537	-0.42671891277492013	-0.5295935376453337	-0.707203458038674	-0.599298440447733	-0.6096600378353101	-0.7030355531175215	-0.8669557366607226	-0.7090173910753053	-0.9130137527601476	-0.8176105776308381	-0.851919630967441	-1.0088620919042182	-1.0245914410030967	-1.3377339427521124	-1.220777961167946	-1.176522543813847	-1.380315820096329	-1.4453153520713469	-1.2553429340214517	-1.382545381129715	-1.3759784113067606	-1.561711141947198	-1.4962241010996784	-1.5889471152442467	-1.5519167345410476	-1.7677815433136088	-1.7798415854262624	-1.6828555525276478	-1.7480088490799846	-1.7698163505620936	-1.841143207404647	-2.0783128751861732	-1.9579979113705785	-2.077610428519897	-2.219886486579909	-2.318717293971949	-2.2173811140120985	-2.459963506527053	-2.4334426958201645	-2.3986651779761656	-2.4957003759955225	-2.530775249447523	-2.3817791968877082	-2.748484663762026	-2.666553906473501	-2.6956152485481413	-2.9093308588109394	-2.8253737634910214	-2.6558184089387984	-2.9706828699999375	-3.180936636379739	-3.1857925131651066	-3.0934297797572214	-3.024109952565941	-3.127165272735679	-3.177337800419904	-3.3247808984567175	-3.3112691384547257	-3.377966882476087	-3.367205460541582	-3.586992037950752	-3.40884861774127	-3.5153242047948985	-3.5477123169376115	-3.5414955768617236	-3.676320982077374	-3.779878335856434	-3.8873127437175055	-3.9802549155518445	-3.8994618625700594	-4.201527060546584	-3.9839084689611357	-4.109904299212769	-4.145040420727752	-4.153465765374631	-4.2019572100951414	-4.168583081174071	-4.183628766117775	-4.43955020119664	-4.350644935510562	-4.447572998488569	-4.6198448215025705	-4.772274845357652	-4.673907757157988	-4.6805289391209035	-4.570498040333744	-4.71973145672081	-4.762814263175449	-4.924995078536998	-4.9368087588566105	-4.8920884520750345
0.08291508488344637	-0.17720442073508455	0.08820010994409457	-0.21300032420217901	-0.3309976909083093	-0.22937146657472027	-0.49120339568681914	-0.23484395806089337	-0.4163583724904862	-0.43637843359248757	-0.6389032172680056	-0.754822902339161	-0.5332548207702485	-0.7082156069671908	-0.6727129199880755	-0.9582994808751455	-0.6571985844219929	-0.7109696793419037	-0.8923201403325031	-1.012637643153898	-0.9265428539345126	-1.096019947379851	-1.0108854187622227	-1.195991531153207	-1.2068505203511248	-1.2125478374016552	-1.5440309451678278	-1.3527465184189018	-1.5140417835888562	-1.4976038035883315	-1.4445336166318101	-1.358078194072332	-1.6033473460571124	-1.4515265279709066	-1.5947640305214474	-1.8056419230184755	-1.6582533765291365	-1.8545358062058606	-1.8242142555404264	-1.9648501841920798	-1.9034765184891138	-2.020592781589768	-2.0877375435166003	-2.097199352022549	-2.3171999890653168	-2.2510054982243326	-2.2816353104278653	-2.2977211937418236	-2.4281477404760126	-2.520764670037133	-2.573840924536823	-2.3229934371130563	-2.6727276047619255	-2.7792790328682413	-2.583708107251558	-2.7730283395149735	-2.764648876772446	-2.908944592797383	-2.905352290405099	-3.0437115533803434	-3.1114775479722723	-3.1536924312968044	-3.1405739218972974	-3.289806265629493	-3.206521342120989	-3.5045333681317272	-3.413611069533212	-3.2814139375428697	-3.2769677108994997	-3.376315191159382	-3.411616847432462	-3.6254937902194846	-3.4795364123581907	-3.9320613085528273	-3.6899775688153356	-3.8363486580720982	-3.719815906465155	-3.8317362073420616	-4.105716537630278	-4.0456573773823825	-4.216902033384636	-4.32578929757134	-4.1666352902981	-4.087510327818687	-4.532106314578966	-4.276273333297472	-4.333527368213678	-4.385567338603807	-4.308023325491898	-4.3072864310201595	-4.537391466018685	-4.65952917101313	-4.649880192011265	-4.82159278674113	-4.876410809775825	-4.657470443650455	-4.848854206653313	-4.978425741611015	-4.919380826611679	-5.166836692142588
0.18138998120068334	0.19005895178039606	-0.09693005617571052	-0.09778368948291268	-0.23343341248532928	-0.10785987353750623	-0.22596590892103663	-0.3307806826644678	-0.30195163255276475	-0.5018597735633109	-0.5588235966231568	-0.5623561078788856	-0.7482798706267716	-0.8545582282016532	-0.9165500813131395	-0.7166438507639263	-0.7815942712117626	-0.9684624467147191	-0.809054052722398	-1.0019574328601049	-1.1687978514654989	-1.078193799376903	-1.1759108256307003	-1.1907562375647394	-1.1122963023349381	-1.2353375990131925	-1.5566757342936401	-1.3343154730526054	-1.4115499878222748	-1.3935078872342774	-1.4208517999310601	-1.3947561985085488	-1.6290567684435822	-1.6739711277914309	-1.6651368820053951	-1.7742692764715715	-1.7520723906260742	-1.7298531504327384	-2.1251885164109896	-2.005981812493199	-2.025638204158704	-1.8683208936472782	-2.1025381768193174	-2.340746245828783	-2.122230236689424	-2.102301548889511	-2.2841324195782513	-2.333963430198528	-2.278377150888617	-2.3831258983691646	-2.4179270595026976	-2.6151864354560153	-2.6521383201718858	-2.761688633560912	-2.8602959983914147	-2.8249707006707987	-2.698068860465438	-2.9027189296077966	-2.902343362563908	-2.698535730573789	-2.953571620289546	-3.310258010692673	-2.9518867742560655	-3.1859694216230086	-3.3770738899155863	-3.290892770911581	-3.328200342982856	-3.640160226184764	-3.3962009544488496	-3.532059184591193	-3.660861223657996	-3.5201277122710564	-3.647861835295311	-3.575844554050887	-3.6605894694677605	-3.88396115687241	-3.9868682252436054	-3.842383065258326	-4.208262132767084	-4.034543715702411	-4.1348221098802656	-4.196322835642647	-4.364704406957227	-4.397911639261677	-4.25974985595958	-4.224472860481182	-4.364680794753463	-4.4496417859955795	-4.526629828583776	-4.516214574620558	-4.470143512835399	-4.688946185825413	-4.671331619408459	-4.5676330908316185	-4.6622132964659695	-4.677527973908325	-4.917434065188657	-4.889323496897129	-4.808846656254076	-5.071247714165739
-0.10516499804367484	0.024637142509739703	-0.07500372926577079	-0.10883196089685376	-0.3203310518689919	-0.41660485487122323	-0.37943092782276	-0.19801956720509392	-0.3533971876236468	-0.3922558874231421	-0.4996391017018279	-0.6355013935371139	-0.6677028850906833	-0.49458980202450153	-0.8238307162317485	-0.8224436861396882	-0.7587914748155702	-0.9647189700985285	-1.0833516193638584	-0.9865859495184021	-1.047902809380592	-1.0072118335160214	-1.05029869639203	-1.2676421741879755	-1.1128384983403423	-1.1853768005108665	-1.314749830618306	-1.383290057994452	-1.5073731613169472	-1.2209759366124409	-1.5058073982648168	-1.5364737087730054	-1.4592679075742638	-1.6707159685412205	-1.7134301216401993	-1.6789434244311905	-1.7132839897775662	-1.8636682293038254	-1.9181485652957404	-2.107905398032922	-1.99007764434604	-2.2306059767582123	-2.415252203945362	-2.2110351567258673	-2.2566881014086784	-2.3350751492867703	-2.2125758566480065	-2.331990031222847	-2.165512445636225	-2.4502484564311326	-2.6903922039172787	-2.487301218183905	-2.513155929507822	-2.4877873026007427	-2.642874328194618	-2.711751866408846	-2.7561892983714427	-2.822728749808308	-2.9317842471720925	-2.926581143120906	-3.0018864414092716	-3.2046755843410657	-3.1662107100895804	-3.2158542755617368	-3.1681522081338014	-3.3322777516189945	-3.308216884119273	-3.353925097755465	-3.176209592801427	-3.3432934200087807	-3.509759677014056	-3.520619224488253	-3.6145446203376443	-3.6296617066749306	-3.6689543512470935	-3.7680784511355268	-3.8588587360134112	-3.88793892279817	-3.9169117154764734	-4.048407594033947	-4.141355960141556	-4.060579880991136	-4.2120127380531045	-4.1961129612136485	-4.292817901483399	-4.203695040141608	-4.4131650346952345	-4.223974893261602	-4.46627821900388	-4.338089793637373	-4.361290081149455	-4.595472326580271	-4.70756073519808	-4.575679171677086	-4.758957990671156	-4.943150905296635	-4.7189081126690775	-4.743575314391923	-4.880546716489225	-4.9870615290427365
0.08224950976298792	-0.06228130916354714	-0.03668598501831058	-0.31562213366554603	-0.18074402397912723	-0.23676004366638786	-0.30616310628242843	-0.34490593713320883	-0.4250211114304845	-0.4182681940595107	-0.6052109049136943	-0.5544840635878205	-0.7069357500832387	-0.8067650981362373	-0.6568542292506675	-0.646599661072077	-0.8549222288196587	-0.6510876591729279	-0.8212682750735261	-0.7918793748915597	-0.9940262973596042	-1.0043438450703663	-1.2006956950818983	-1.2793466539637228	-1.2488406723275043	-1.1651698320867427	-1.2848120877234617	-1.4731563907190437	-1.4907369585133021	-1.5835064063917201	-1.5916339997885658	-1.5585242373375021	-1.5588783045878527	-1.6721744860551435	-1.568250110113083	-1.7617606664272556	-2.0049379979248525	-1.7751275289586064	-1.9983332336142838	-1.8383826305429511	-1.8669386223722122	-2.1194287126014033	-2.196164486901554	-2.1967984052735696	-2.291612167970564	-2.1869188448923502	-2.324608059744001	-2.267193944207574	-2.431202132748333	-2.3344185272291336	-2.5182696068260606	-2.5525205913922515	-2.6206429350272855	-2.7086362258763033	-2.7455534527629752	-2.8622914719540122	-2.93945397591802	-3.0115830392315543	-3.0539798047569153	-3.125403056678383	-3.1296929358037104	-3.035991044581186	-3.040787551408584	-3.2281006375902956	-3.256730022413677	-3.3771742014824064	-3.2302818304637286	-3.151600142537282	-3.516431565901205	-3.578324005983578	-3.4870652744456567	-3.5795113154555014	-3.4921308136665017	-3.5572700760261675	-3.8740343255393395	-3.8476450904967603	-3.857005630085068	-4.013850574083413	-3.9179062959949613	-3.992146196730585	-4.129622325484788	-4.189104725765638	-4.089171059626858	-4.062418511072568	-4.195405181326683	-4.378108844482322	-4.3214918556568245	-4.527722677460283	-4.492640765208501	-4.562738457485261	-4.385540002654638	-4.66546751385274	-4.636063393624356	-4.765177164900691	-4.789974464575994	-5.148470688689389	-4.892702201296191	-4.835384900844117	-4.857412209632572	-5.076160941614659
-0.03914031523208055	0.1041608437513829	-0.10897494774136178	-0.18873474710882104	-0.08952455236047416	-0.17952712177611652	-0.4836926527999271	-0.363249071086383	-0.33870757554287073	-0.5131044595395884	-0.6009090541657496	-0.5812623589037414	-0.5896000399266136	-0.7724426464695988	-0.7219530453806836	-0.9514048968349823	-1.0192441848353095	-0.8661867485017785	-0.7675144598862147	-0.8863147766774396	-1.1352891971555825	-1.0719337646160398	-1.1648729150957577	-1.1218480394029324	-1.2932145555373702	-1.1792748632510432	-1.2566332471149115	-1.4881591909396357	-1.3405623764216215	-1.542914620541527	-1.5033663716037233	-1.6185925352015673	-1.4604690983877089	-1.620501862012753	-1.8205245092904012	-1.5851901353364293	-1.753025460244129	-1.9076260619528775	-1.9198213004179787	-2.0368198663847106	-2.138206434921874	-1.9194935751263937	-1.9214790649071232	-2.3141346894245824	-2.355775725853677	-2.2833672783205925	-2.2634594388540203	-2.4231810020751823	-2.432373936398904	-2.4076508564350694	-2.5350219211611904	-2.5609341973236277	-2.5989792818663777	-2.978214348618036	-2.575204789274925	-2.767968717278214	-2.8747919174307244	-2.906929313718216	-2.9084743282119363	-2.9885298185015574	-3.0748971174402135	-2.9848575931262653	-3.0692234890196834	-3.174543627694772	-3.078550584220761	-3.188906645127291	-3.267005036099431	-3.4025680451875253	-3.529626908673913	-3.453153851096247	-3.4708570918392514	-3.5981491788021964	-3.691816264696475	-3.819450718162803	-4.126575611107436	-3.637467907208067	-3.814078096038836	-3.8462540986605176	-4.005897775488659	-3.982204912508139	-3.871163880537466	-4.119392924865408	-4.226215496175953	-4.197844396447083	-4.171495016589964	-4.299403566332474	-4.310037308458456	-4.454500883631937	-4.655692809952652	-4.435557140653195	-4.629729970291191	-4.605609540569647	-4.681989164608	-4.579806580707244	-4.9397946522269365	-4.826566572693895	-4.947016111398434	-4.713547743092077	-4.888503489292812	-4.868741921610966
0.10171894714905	0.018431756673690756	-0.08243453063393852	-0.23350740652863664	-0.29553948883343883	-0.4572017093013573	-0.5003317783046889	-0.3796430447262256	-0.2767329137729383	-0.2056247553028353	-0.45978859031469094	-0.33637927205701523	-0.7582407296184909	-0.7798242928805038	-0.6830556637941245	-0.8648192064751555	-0.8787979846332711	-0.8621463896229271	-0.9167741976339386	-1.0433299389417812	-1.099054841558809	-1.1392769313645703	-1.121477057815496	-1.1003148479936824	-1.3130079168822366	-1.2020115984831758	-1.4573580317037496	-1.4079552564672746	-1.308545777442316	-1.4099830315741073	-1.4839715665629658	-1.5673051142870849	-1.595763500324431	-1.5773272889347896	-1.6938803939259448	-1.703686524825718	-1.878486161203144	-1.9637314340700394	-1.8306841507517557	-2.0589775852845444	-1.8707325022810992	-2.1526050849538048	-2.1609053074185613	-2.1200126071588135	-2.057013581078986	-2.214754729765348	-2.2905006617291375	-2.3573638685236507	-2.484981909548017	-2.5866421436471567	-2.6053527134569365	-2.6108472155178744	-2.59218041724489	-2.720088752668042	-2.695150467577919	-2.567522050853204	-2.8392870683281184	-2.8293107583326047	-2.843748441362681	-3.019252922971478	-3.1005227954892605	-2.992521653290574	-3.1105705307480735	-3.22308119106051	-3.192595816044268	-3.090934248995872	-3.270850333092924	-3.314626799173602	-3.4148706025856237	-3.470323722762105	-3.274441976467567	-3.6723132116956396	-3.827284048371794	-3.6638599001964245	-3.7419663059675696	-3.9886224104867916	-3.6541044865889463	-4.009112665272037	-3.909306284512262	-3.976253860542908	-4.022415950620001	-4.10217219868003	-4.236264980533997	-4.1752736470113065	-4.272195422714206	-4.426553045306164	-4.377999536580777	-4.447174337603971	-4.509429470942478	-4.389484068668407	-4.616688834004964	-4.487371049781716	-4.8413339834590685	-4.733660983392415	-4.859975818228203	-4.925843970694517	-4.83183259347878	-4.8268284973571	-4.69854515093589	-5.044366167609267
0.020014348485962896	0.023467140443914826	-0.09993246968984616	-0.253700212711924	-0.2898933546051581	-0.28101985138017443	-0.29175672312605977	-0.30737432275234094	-0.4668329669635976	-0.2852882345688099	-0.5986614018706694	-0.4208193148489594	-0.35071319900937126	-0.5834634052617398	-0.6899043043573879	-0.7209094407943625	-0.89381690379463	-0.8500066985063973	-0.8646700615274876	-0.9588260357187168	-1.2259755949631184	-1.0756016070770988	-1.0349641842999702	-1.169525484628516	-1.2328119030558513	-1.1592970064129597	-1.0718710782987813	-1.3936780400656545	-1.160150312751793	-1.2544635645242874	-1.4986215926698712	-1.610098867363196	-1.714985876028877	-1.7091254557453477	-1.7591252156484614	-1.536751147848681	-1.7554094371475446	-1.8749519361913998	-1.938026572934123	-1.8757712729533258	-2.0822343779730685	-2.092321970645606	-2.2630438968827646	-1.9905330615165724	-2.274537399622787	-2.2041018360650892	-2.3940499450397015	-2.341070154389456	-2.508694242546169	-2.496502784680619	-2.447702227353555	-2.5916704263474184	-2.520778474284978	-2.638455077905088	-2.7171701864524325	-2.6395523120069684	-2.697609450263335	-2.885253466331781	-3.0012524642521123	-2.9760597088896383	-2.9473339997889263	-3.034925326073925	-3.1476657355297415	-3.3333053862850632	-3.0619950299085477	-3.3827292499234214	-3.352790992013631	-3.398998724843504	-3.5582478433696023	-3.455545589381106	-3.499513764411728	-3.629758583578045	-3.656785959600216	-3.834517281970204	-3.740936076206547	-3.8358214559350285	-3.9927199686187027	-3.928736132339548	-3.9609044554483277	-3.879866208892975	-4.020769934025351	-4.109425106124466	-3.956386915586541	-4.1966336653398315	-4.442650000393862	-4.402194800626671	-4.288965401093688	-4.392250385807363	-4.4306873708272425	-4.615219212622069	-4.694621540117245	-4.752972836660743	-4.482212061531008	-4.689869893308962	-4.821488127523838	-4.674558710163205	-4.779267313373612	-4.876870865609377	-4.852952179197495	-4.933066585046865
0.008403053730217764	-0.1696967495601936	0.05123756439753287	-0.1346339639412039	-0.0948370260305863	-0.3517594662605753	-0.3361466752884419	-0.20696969724022643	-0.4496093192840394	-0.2775849967407172	-0.6549048999291723	-0.49398338145175735	-0.7363686765077728	-0.7256095707242484	-0.6278654925096497	-0.8300803168352654	-0.7580600341471473	-1.0029147957180535	-0.9579369172787023	-0.9734934116254148	-1.0564644766355091	-1.0133162253941697	-1.2332390541271883	-1.2247886804883308	-1.2384158146198165	-1.2706773569786518	-1.36114400901504	-1.3161932730775077	-1.598502139304929	-1.395390899997946	-1.6299173403344782	-1.5303861522382973	-1.3645777495965121	-1.920766386699738	-1.6024325508459627	-1.8235801242280294	-1.7938946424145663	-1.9248859072649687	-1.811606838128434	-1.9252037252005405	-1.9787406161791172	-2.1703639201672074	-2.2199422089414713	-2.081484831742743	-2.2424571566441713	-2.2333655749862413	-2.397662427284603	-2.3032212951408244	-2.285071874541881	-2.4296379295905624	-2.521050166700324	-2.3640342002153907	-2.4832301685895	-2.682778385021255	-2.7859289730888865	-2.6838617142370924	-2.6689087314731443	-2.8974825295366933	-2.964090057401107	-3.0229929393624007	-2.945723986651324	-3.155980158908032	-3.085186693484999	-3.2004581317733813	-3.184795092782637	-3.2670546053346037	-3.347569577643278	-3.3769452673993556	-3.380777655313128	-3.618246169419365	-3.657298848722669	-3.5138002209118437	-3.8740664277271932	-3.6461169877231483	-3.869485118302121	-3.797655549664275	-3.7961224067774615	-3.833690157141085	-3.998287534125355	-3.8212709978550246	-3.994280358323048	-3.942070293756823	-4.152297886515217	-4.214760281910173	-4.243623262492016	-4.1783616413803975	-4.311123883793408	-4.399591371577289	-4.545931968482283	-4.611436737250046	-4.447564497810465	-4.713402893717896	-4.492215588920838	-4.621285360500044	-4.83729146073416	-4.8127892198703135	-4.923661077932649	-4.877696626453859	-5.002035079202003	-5.023307405084819
0.0018832939736780176	-0.048140957016835934	-0.038526692135155506	-0.165120727818305	-0.0661068352590718	-0.35496732370258877	-0.3789677851529248	-0.6043498630955717	-0.5406696508696849	-0.5238109654393983	-0.4395014057706627	-0.620011710126826	-0.5443315255776373	-0.6010857463805551	-0.6967444500676255	-0.7066482307418894	-0.9691477492086752	-0.6412618279258002	-0.9223709686845105	-0.9567385936811149	-1.2334202404390373	-0.9983066904544515	-1.2433913287324971	-1.1441063275553074	-1.161642423858499	-1.3530157434464178	-1.3284996431208111	-1.1987038088525341	-1.5314160270372759	-1.524694129951346	-1.667641826593632	-1.6103655471389826	-1.6369281047703812	-1.6336905139047522	-1.6099981449896459	-1.5955379684077389	-1.7638582093347692	-1.9535113703176803	-2.053564938148713	-1.8791296738645538	-1.9952804642788646	-2.076220405824336	-2.0955948947778027	-2.12539133100825	-2.2894709678274907	-2.124052538382767	-2.3985916543855508	-2.285099495266332	-2.2636932896808766	-2.3523530953480694	-2.475510982702022	-2.74467019017546	-2.7307433984262754	-2.759747668545621	-2.686482201027219	-2.901827510953702	-2.6598671809545813	-2.824009006209633	-2.928135577632113	-3.006539093662073	-3.090676998002966	-3.0520864299488912	-3.1164263403518846	-3.22818551879183	-3.2590385363000114	-3.037503462913014	-3.1509664708927536	-3.368279779484333	-3.5312160480850814	-3.42616254932366	-3.6451587617759027	-3.654946644932942	-3.743499465669709	-3.68817817816541	-3.6741821833352883	-3.786506268194275	-3.824029160116978	-3.9147294875725716	-3.9525215736720973	-4.007900290115558	-4.080742943767631	-3.911824935331155	-4.026507810705324	-4.130189598128204	-4.165367741857883	-4.321696959475242	-4.456587508209376	-4.295086171294951	-4.486832562664565	-4.52035466418117	-4.410803343366824	-4.769701263498297	-4.7346268792226525	-4.705145084248932	-4.842744161512063	-4.812861913853214	-4.774354888346728	-4.931651464971884	-5.000167406911469	-4.846239016363772
-0.04082008779205842	-0.08237711179692465	-0.11121960309043154	0.009685938452843823	-0.04419524391929841	-0.2274569976824805	-0.35516371971443084	-0.30211494671413974	-0.47919873124765333	-0.48949774343973607	-0.2806763597419505	-0.58373244069329	-0.5628264577087153	-0.6954298177188528	-0.6518503892252632	-0.8156866747256749	-0.8558703864759698	-0.7779938144258041	-0.6789763733581313	-0.9366866242913144	-1.1622692396704932	-0.8791450207182379	-1.1610034595834398	-1.1259301987601635	-1.0953853304294159	-1.2338467195272667	-1.1212811806490197	-1.3122833716239166	-1.2865980845254525	-1.5043465413845174	-1.4780752619939796	-1.5339456775606655	-1.730131110652428	-1.7736938755556408	-1.6970368942779852	-1.863701775066615	-1.742742097517131	-1.8407898703973173	-1.8218875082452308	-1.8913464082485227	-1.909384403739317	-2.1145342246797165	-2.069297543399684	-2.1663884953143757	-1.9933931051347447	-2.4129671265217154	-2.2984669271249487	-2.456033351562611	-2.256445740534679	-2.3714029109215633	-2.525143302500705	-2.763638364178144	-2.709080563849471	-2.644394177105455	-2.7190647072202188	-2.8085202579758444	-2.908121264503966	-2.9317977350943925	-3.023971053136732	-3.118914524780073	-3.0840629519003357	-2.996694531441289	-2.9794729775988125	-3.3155923898760093	-3.2018973866884117	-3.1297511426790696	-3.404620639877068	-3.4270716748484675	-3.4168402354741665	-3.4167804185768804	-3.536075750365348	-3.484903897154488	-3.5732860923556737	-3.630255609873046	-3.745661330900798	-3.9190007273372034	-4.017461046738915	-3.952920004085092	-3.8973764369527197	-4.05527992497848	-3.9319886513914075	-4.087678358319399	-3.956927945598182	-4.209828632769244	-4.103515652416054	-4.2644800735246235	-4.409954230061776	-4.461766144374032	-4.386500822176038	-4.4350721955448345	-4.5595015848150116	-4.651619773616957	-4.5905080566879315	-4.828830358510806	-4.598768842081932	-4.801046453753472	-4.931604137739026	-4.826698723207584	-4.960266377915782	-5.089993810926886
0.04124780801833924	-0.09053315499902737	0.0306867509779684	-0.12606805249000141	-0.07004103148548238	-0.15850933758485425	-0.39219023382863105	-0.33624007219636587	-0.3786983727500634	-0.33214768609080625	-0.47905823513632684	-0.41971278129539324	-0.7744709313393934	-0.5729411524405885	-0.7072317307335213	-0.6941285497615994	-0.9621899529057528	-0.8734865550437161	-0.8961223380206076	-0.7731280209558946	-0.9586963877404485	-1.1633781812972261	-1.0530487193051212	-1.1539720637835709	-1.0720508660363044	-1.3210982180058164	-1.2954196016214232	-1.4481868394650195	-1.1002571045511753	-1.4485029842844395	-1.3704262300448173	-1.642621796240538	-1.569084742419555	-1.8863164365725709	-1.5517452994387826	-1.8198911490560268	-1.9265426447071614	-1.8022893637313067	-1.9283666177250638	-2.076021650405052	-2.1692147163325495	-2.0335102018462403	-2.1453320950978174	-2.2057342231720227	-2.220242934772172	-2.363893942927704	-2.451780353259704	-2.2923052190261677	-2.2864860132392546	-2.433062931258845	-2.624361583726211	-2.5657493701846628	-2.6991088415982363	-2.6232162969561297	-2.816544994321716	-2.8087457835214367	-2.720866822018252	-2.8024401996217088	-2.8377201313700624	-2.8421783824512477	-2.9684872702381697	-2.957700653401382	-3.172546211843224	-3.2520016083705263	-3.133987255983554	-3.3942929156521457	-3.3757646735948725	-3.455612771841683	-3.4296119138175367	-3.675412369039766	-3.62112308969482	-3.475805593131809	-3.4400524531172167	-3.6741649032018144	-3.8508137341054263	-3.8483700554670297	-3.7407768992362302	-3.857656796641435	-3.967875809072751	-3.9297078708446724	-3.9810292169692345	-4.215154791019674	-4.033390282584925	-4.137281730570644	-4.376129607808831	-4.3347727362907555	-4.238221014995093	-4.591733006171244	-4.566707855424783	-4.6016143461263335	-4.618931106968831	-4.621016308110154	-4.547622974913961	-4.612975867197627	-4.677357605800675	-4.902744635748238	-4.788532499883928	-4.970872160001391	-4.896756423607612	-4.970960901625807
-0.10003546413998164	-0.10596167329161704	-0.19088712207687672	-0.1229252136937122	-0.2815093326691481	-0.20514339295398873	-0.26225035769020566	-0.3363276705200223	-0.4939420221126668	-0.3818410830434299	-0.4695843894612198	-0.7079948108531874	-0.6826542879673537	-0.5449790178388394	-0.8197867433158779	-0.7562052479611323	-0.8564831630818288	-0.9413693788456503	-0.8687301714495936	-0.9351203939974793	-0.8459169808496956	-0.9630240838855827	-1.0904035058302812	-1.1084971157884567	-1.2726126673379452	-1.3061502414385333	-1.3802821223247757	-1.3586802807410663	-1.4908894748333987	-1.4890708367118557	-1.579225977291158	-1.492180755213547	-1.6610761233738225	-1.4402018461122734	-1.9134431923682254	-1.9145818638060599	-1.767244540371425	-1.8430000685749652	-2.001159015647203	-1.9759656521199274	-1.9811325964316042	-2.363475037579313	-1.9033649436759235	-2.122722572916761	-2.4061796465658185	-2.2556461079474563	-2.444846343056841	-2.407688149659621	-2.3585878585620232	-2.538053063895286	-2.4217506512942037	-2.541318248240629	-2.613299217602464	-2.702991038759537	-2.8906754642450996	-2.8007128728488495	-2.748224236202173	-2.8730223589160095	-2.9873207504087445	-2.985306332606483	-2.701432405503356	-3.084854729744235	-3.109786333318815	-3.1005788616112047	-3.388948729607742	-3.3046509212272044	-3.255355949351503	-3.4118202401674926	-3.6111703737115985	-3.5789135591337544	-3.2498663985590164	-3.5528890588345123	-3.7251949221770535	-3.5118725134675586	-3.711777307670937	-3.7513400748936734	-3.8370525296150313	-3.920217149356451	-3.9451907754378097	-3.965260142411589	-3.8944496582393957	-4.200061611111438	-4.096775793721255	-4.0566691256809815	-4.341192753770202	-4.281276425779899	-4.266230117538963	-4.403958382554273	-4.464072942460671	-4.604081641574937	-4.47257048700034	-4.616468740521965	-4.624092734505637	-4.61799831703665	-4.725096405789102	-4.924162576773149	-4.653668931923882	-4.875239731702926	-4.907086130247297	-5.034492123454688
-0.05316355452430788	-0.03776556870749766	-0.02655602156603673	0.008088149741940248	0.06607196089055159	-0.21787747792524487	-0.3077688232297543	-0.26978855846252436	-0.5300973356344184	-0.2542716072482687	-0.5671036433442345	-0.41013937433606573	-0.5392127821531651	-0.5207127429543079	-0.7982868952997663	-0.7897575668194043	-0.7229461332719774	-0.8805330137268291	-0.9157831256239573	-0.9139659451598671	-1.1445401330984784	-1.0499008465894335	-1.1546625144838316	-1.1943146172905363	-1.2631818208031704	-1.160795471706512	-1.2857244903403542	-1.4593697798936351	-1.4972848619386439	-1.4728347629724918	-1.4045822452527585	-1.5691926624957808	-1.6684405159994327	-1.655435667187172	-1.7682698456192514	-1.8796277457361439	-1.8541803586660124	-1.9126904166912615	-1.8297160886614694	-2.228703410938815	-1.901364387816935	-2.0501619666834623	-2.103467694562546	-2.1866874179714877	-2.1596630259552305	-2.321257525514083	-2.461982809619741	-2.497675558748579	-2.3877534021848046	-2.591868182434745	-2.414819767442147	-2.550403744057384	-2.5205621469148367	-2.6705483658067117	-2.5614871353553443	-2.766482968745896	-2.8095880347468523	-2.809326586246417	-3.0215119222468045	-2.9941804903419804	-3.0512404497088244	-3.1459033951321036	-3.211866449335198	-3.2047148356026733	-3.1076815364908756	-3.378863988084159	-3.182826620498073	-3.422918219260447	-3.491092931888307	-3.4354061987942948	-3.4211251709453707	-3.5559898796642737	-3.5481142836417847	-3.808473026964111	-3.616545848277422	-3.64014832361579	-3.718193028479042	-3.9809804502148145	-3.891745650503331	-4.012954106004868	-4.1380497487259555	-4.134597305567073	-4.150260068885446	-4.183703628533197	-4.282635929772797	-4.235942807728489	-4.246442087618378	-4.509200777535767	-4.376685099245448	-4.447374220378751	-4.582551466100992	-4.51938683879403	-4.762551975086665	-4.725717323904618	-4.706283670633677	-4.840447824335988	-4.791115064255854	-4.8817640333678565	-4.915105949990811	-5.077221872466766
0.21817742646881208	0.012679495102228149	-0.06985018098687049	-0.2797999547258505	-0.3074964526052749	-0.16014754850214596	-0.254929409388039	-0.2637760655667871	-0.34934339608435516	-0.16635282331396994	-0.7021016127580179	-0.5467027499185515	-0.6528366155221872	-0.5687754268605563	-0.8629186851367656	-0.7066900197942341	-0.752882828959366	-0.9163919833400186	-1.0421604884876292	-1.0230249107591654	-1.0214166422979682	-1.1153011840315512	-1.134975672143025	-1.294029489283636	-1.2316143915379831	-1.3669874934825321	-1.2320680044272077	-1.2951651750810407	-1.406640142442829	-1.3806788557050795	-1.566544274660545	-1.528874220552334	-1.676988892270584	-1.7205529409533085	-1.7156554731683487	-1.7286031639274588	-1.7652923398149873	-1.8642456988143699	-2.0071543980633337	-1.9347373646832517	-2.1498755962010896	-1.9476231112111124	-2.176196757695927	-2.172101972432831	-2.325601063975186	-2.2592156237704297	-2.2140697330060926	-2.2915124233749893	-2.2754178236649705	-2.5262926257495026	-2.539935631820297	-2.7510409803415024	-2.59244844295379	-2.7408624392777	-2.713524525203998	-2.512060036379975	-2.7110519952383716	-2.8618909308836793	-3.0078841127501525	-2.8127039329256336	-3.000729916720944	-2.951114509966222	-3.1199694590870473	-3.2567329951990005	-3.357348018866271	-3.311322513752116	-3.46872288310255	-3.5622337416662533	-3.566693790728462	-3.556557220071422	-3.6368711528112283	-3.4455598001904804	-3.546074502997034	-3.7488262021676717	-3.7758852146408692	-3.9993980232754986	-3.9433720862341644	-3.8547788189634877	-3.982872310394381	-3.8875907748737655	-3.9540689087288956	-4.1855355020433676	-4.033813429111166	-4.219894604230565	-4.192244646678602	-4.296868229009211	-4.239948957823716	-4.4564042302847815	-4.389626650672036	-4.5460303473173695	-4.605750627068389	-4.655568571120914	-4.680085315954532	-4.545469170833441	-4.764663960991943	-4.668834177900649	-4.788065332566821	-4.769234887423615	-5.0746466708038795	-4.854123841488605
-0.1663070292434981	-0.07317219160710782	0.07962905887560136	-0.07679507307654102	-0.26444545696768473	-0.3461148385454304	-0.44690297947932145	-0.3741426923185506	-0.39916145060322306	-0.2811435781920205	-0.5456700438282656	-0.5007307411389226	-0.695041150651366	-0.5587768895594553	-0.7949135801385593	-0.7970526769931894	-0.8201752846887339	-0.9334652134281393	-0.9640956912665671	-0.8397995486782018	-0.9511073526636853	-1.2226219773786888	-1.255072985631799	-1.0523228368737707	-1.1726407100615257	-1.2952168231886731	-1.2883361498173567	-1.106557643916482	-1.46838783958242	-1.4647717593952927	-1.5014260093340543	-1.5430452778205153	-1.7694961978535908	-1.6015119901764858	-1.8485328376860675	-1.8989688043716695	-1.8458131383905934	-2.0949465349813865	-1.7398314010894311	-2.060553846478316	-2.1046593748767815	-2.1383748927180544	-2.1437917639474664	-2.041247082465175	-2.492785058295773	-2.3024162550975618	-2.329005734257091	-2.296915937818595	-2.3234042686244596	-2.369801970066092	-2.544361367553063	-2.5254483593501154	-2.7839284498671573	-2.767468577212203	-2.9034031103731097	-2.84243553958536	-2.9129873517774088	-2.7767998538276566	-2.956685214907624	-2.81828923940418	-2.9894331314068148	-2.921089529528871	-3.0916764735838664	-3.262737487613612	-3.14960075504944	-3.164923382096127	-3.4711496042078136	-3.158774871818868	-3.4555678564788637	-3.5212473905408794	-3.6123839460319553	-3.4939525010461643	-3.6390955794490853	-3.5843608668927773	-3.7921942908103063	-3.971290814672246	-3.9760780949597097	-3.8069367270787975	-4.1173644328375785	-4.02413984550654	-4.245685892461213	-3.981415300253621	-4.143252093297178	-4.359261283344213	-4.172452968698345	-4.2407900750762355	-4.406541157856115	-4.456046978313315	-4.399572322096313	-4.6122313545716755	-4.523650728585401	-4.593554761598286	-4.729193552220628	-4.508852787145538	-4.69661971637849	-4.6995379027956945	-5.021265025845762	-4.806454335180963	-5.098542037790046	-5.162374332059457
0.15608514023707987	0.03471478986795234	-0.09693960318643516	-0.0948850019277509	-0.21376684904041462	-0.1952034861904819	-0.40568671906350295	-0.40792524808462627	-0.5524203339284242	-0.42776139691519605	-0.360248811675256	-0.5570892861158545	-0.5658061933574062	-0.6267337344167727	-0.6677864865079063	-0.7418617388767821	-0.8438015564843122	-0.9186042267187111	-0.8157041933048051	-0.8401741692849095	-1.1454944191227465	-1.0959627838513522	-1.2455804870476859	-1.122126266210086	-1.2548434548449008	-1.3048625553018327	-1.2365865915954364	-1.43806679026254	-1.4826147352459753	-1.4837206902833726	-1.5210947681127367	-1.5524718417665249	-1.5469961355778015	-1.4532873916366897	-1.833133520348575	-1.6137728142095242	-1.8367182708548357	-2.0566240405676406	-2.002692406808949	-2.0544408154311915	-2.0674800092112173	-1.860756815646504	-2.1342948099557044	-2.1062424177931356	-2.3757685956923758	-2.2474833536112455	-2.281678831856126	-2.454268486870811	-2.2927322747034036	-2.3130301816266643	-2.5095600789743147	-2.640990502721238	-2.6303376344153	-2.7185420399337112	-2.7897538519275953	-2.885698115291086	-2.7512673342270713	-2.9606305753076367	-2.8559157414696013	-2.9937196091707077	-3.117410339517938	-3.388458369653739	-3.2111303554231956	-3.1080874594079897	-3.240299915323941	-3.25888408216224	-3.194861845754468	-3.475706399451729	-3.4908158095064676	-3.441576847137378	-3.5372066244684004	-3.50488344544091	-3.64281858208707	-3.6728585718157625	-3.4643948169129737	-3.7408995380212557	-3.8547192089520617	-3.881638939201884	-3.793979754184887	-4.03320286603907	-3.869882753072294	-4.056784529826793	-4.126037555787579	-4.290941166307103	-4.19734020457908	-4.25587228413413	-4.28928184724474	-4.339910868039744	-4.44622007588121	-4.268388961496903	-4.565604446860077	-4.429233203074442	-4.5401759653415805	-4.613218838176376	-4.606054808420103	-4.6372960429956285	-4.927727093561976	-4.76860756612831	-4.969792404302426	-5.085207129935241
0.09336317557868686	-0.06977589660224787	-0.03279162883814002	-0.21159314864450005	-0.25164405957473085	-0.23800159014797617	-0.2783322414705506	-0.3664057494024083	-0.49323430626207926	-0.4062164088548154	-0.3706612605212197	-0.6780613026042944	-0.6344019467939482	-0.6266491645598539	-0.6876499120103838	-0.7509568425576176	-0.8545158331062214	-0.9737134999856718	-0.9180058065200772	-0.9295729316012152	-1.0122695641206814	-1.1243310095078276	-1.0134024627358025	-1.2560024268744654	-1.2558751265337145	-1.2298376336796706	-1.4216655341075632	-1.6049444061549165	-1.4362244082836073	-1.5533089237234508	-1.2945975048364768	-1.4142357330702544	-1.5156074068016054	-1.663199766063917	-1.7136458380921067	-1.8926545820100675	-1.7634951390362792	-2.055644153764615	-1.9885001771389552	-1.9272474945836666	-1.9749332450748476	-2.128829693096907	-2.1634739926211632	-2.323382852627706	-2.1077756077775396	-2.311089957045195	-2.3945020746715477	-2.281438922279791	-2.5576106898050384	-2.43920959781257	-2.4896830577331746	-2.5418943616364897	-2.813070849102133	-2.6251424981876346	-2.812840310317928	-3.002682707384334	-2.7478029749416852	-2.8447337492359828	-2.8082942885779514	-3.220070285662696	-3.22506892673623	-3.19601838043765	-3.212207027731367	-3.1625204762743473	-3.197198737266073	-3.4396236548205668	-3.486084680602964	-3.3908263539234915	-3.525706470802608	-3.4139011622611055	-3.507142710899033	-3.8624406108931923	-3.6936811443786963	-3.785334525683925	-3.7709963157417983	-3.746279409184715	-3.8411120987177036	-3.919494885173512	-3.9269747398764876	-4.07892964076923	-3.9475978794846003	-4.217096448974974	-4.30241767467836	-4.305479553274892	-4.008836602742454	-4.230088801545938	-4.389329205218635	-4.30083957919482	-4.499383860659089	-4.610960688687242	-4.413575433822624	-4.761128988360905	-4.701373284228509	-4.6697608978054985	-4.621754078733826	-4.8331892387303075	-4.566724773158784	-4.854018140076393	-4.900135002571752	-4.929086493621749
-0.031986784716734565	-0.04818008153776267	-0.31643982671644727	-0.030912465922698987	-0.32744408123263324	-0.14698449135717134	-0.4146722303678676	-0.3767579151751472	-0.45125097150747506	-0.35998389828931643	-0.46610513388026015	-0.39518072735395005	-0.5445340574296531	-0.6555017241130591	-0.6465263525092332	-0.9430811888956595	-0.8980218766410409	-0.7260523451506178	-0.6830715208748043	-0.9895052830064882	-1.1450645647018702	-0.9592228445621671	-0.8339075726649468	-1.1961154043146078	-1.2658005373099281	-1.1150941227552698	-1.2094056756254137	-1.4999010704193232	-1.6290623387769017	-1.361084253666372	-1.5837125849282088	-1.5020613023315441	-1.6007619719480002	-1.5186362799241304	-1.6538982502677608	-1.7466379072285365	-2.0175441422615563	-1.7331348443526562	-1.8983288473207975	-1.8842067872531065	-2.0002667449037865	-2.348599379923549	-1.9232494853260964	-2.1290652287525127	-2.3297836905279796	-2.29458301298683	-2.3969273053361437	-2.5059516406479543	-2.3380014269409477	-2.4503809488876267	-2.489924839629255	-2.740012984995156	-2.6851383304069127	-2.636890254671723	-2.5954283548863866	-2.7059755870665088	-2.928452992704951	-2.9545583054965427	-2.9782055771191396	-2.958231072285704	-3.1112738703480627	-2.985125156057378	-3.1819619735674602	-2.940371669326759	-3.171565593347666	-3.376622418106283	-3.3788254797616255	-3.4528206089912006	-3.299026789608438	-3.5110995131660716	-3.474125117912807	-3.5321449116337393	-3.6010588049207057	-3.521527168433816	-3.6093039620854315	-3.909010304387503	-3.8338609621384014	-3.66235278300968	-4.025855019902149	-3.9773904995263454	-4.126815462891504	-4.078609051397277	-4.127999851045704	-4.043115631859388	-4.479786557764994	-4.2755953217397735	-4.438027953397414	-4.42041439274604	-4.685865331792333	-4.478953430758884	-4.493519200203166	-4.713466704904135	-4.5935883359611385	-4.546592358582613	-4.705899069113583	-4.757522595287752	-4.763269057859043	-4.884463755640533	-4.866000083933105	-4.879182544792496
0.10446558661999944	0.03021018529357216	-0.06548263341727882	-0.14714656053647515	-0.3076421250161054	-0.03263255167888224	-0.22548167070952252	-0.26924384619848835	-0.45031293484045215	-0.5382284504064142	-0.6088678670392875	-0.4894761245640769	-0.654357521933556	-0.5517755701876679	-0.7664997523111251	-0.8157555524158908	-0.8198082899078231	-0.7884841688033715	-0.7174676423087415	-0.960231210706583	-1.0112604938108247	-1.205277895580648	-0.9603282506055906	-1.1096745570990643	-1.280984299655215	-1.2213830280089204	-1.4201040763306982	-1.5556162645211917	-1.4072815050463499	-1.5119266787646273	-1.6333030075144828	-1.6008699386607388	-1.7981840024677829	-1.6831030133641522	-1.587669694703416	-1.7123192396517624	-1.737210586052175	-1.664622103994799	-2.0764499324768098	-1.9120414180893484	-2.035958043644888	-2.041313690951274	-2.2278758357967563	-2.151252984276314	-2.2259006738163998	-2.272098331099427	-2.3637511050023257	-2.32161396470837	-2.471835407632908	-2.334859601926008	-2.5321751246162587	-2.7846317834364345	-2.417875649690553	-2.64110237869149	-2.5566929791770536	-2.814392361628426	-2.9370899197982037	-2.8071681895502105	-2.8011901174763905	-3.114714518720656	-3.0533147485384533	-3.2955015079317667	-3.061511861776956	-3.230008354298648	-3.2376683046642234	-3.219343721719643	-3.3525577569889005	-3.372280117109336	-3.340809127044158	-3.443876893509536	-3.528802498070812	-3.586499750842717	-3.515857889107493	-3.80885322956003	-3.859068661254646	-3.6375273648049364	-3.8612769958069753	-3.8495205559760333	-3.939380283812123	-3.9107869559550545	-3.8870299381592606	-4.020234573861185	-4.295141027000956	-4.2209220558320695	-4.149570414273502	-4.206916655130923	-4.210343811967629	-4.461888615808066	-4.536676302938365	-4.615493878668835	-4.607931345486616	-4.590214678504789	-4.665337706954649	-4.710716487560454	-4.6561201314065	-4.760128958879391	-4.920753650808555	-4.93073110734197	-5.044147606267189	-5.142191905255223
-0.020282959431461703	-0.10158998853058829	-0.06633005953779461	-0.2980592075166332	-0.19362945888444064	-0.24975351362881737	-0.28548321428119855	-0.41605458209536383	-0.5119284724493112	-0.2926094162476701	-0.6024423182857692	-0.6023628075237145	-0.593640190041918	-0.6876477520593471	-0.7012197269352459	-0.7947340782102356	-0.9939681871398764	-0.8889988939913553	-0.9438475948691115	-0.7059929578151511	-1.0221926234355854	-1.0767748984758365	-1.0707766596809574	-1.1569644472308436	-1.3557906087899616	-1.1468858758868803	-1.3914737088896678	-1.5315886640382823	-1.3434744995513384	-1.6137988700831873	-1.4094533460061205	-1.6048276887755324	-1.4953942027473428	-1.5891895845638337	-1.7499890435090382	-1.9044016738614553	-1.921994859363028	-1.7713907948674708	-1.7646349573523314	-2.155309635241879	-2.104497442623758	-2.183451297695439	-1.9754962851452436	-2.309049731869495	-2.170664454687352	-2.166204039653607	-2.285803972590365	-2.60112049944245	-2.445093397066876	-2.512642840732099	-2.3853335812470724	-2.5954237574682066	-2.5861128325762004	-2.7095389261232024	-2.7359365786477117	-2.6357202129901043	-2.906534797451971	-2.920435549811736	-2.8191536386004574	-2.8443720379389874	-3.054318201818041	-3.0125798538610877	-3.1684571351463284	-3.2735916574582844	-3.257531995832875	-3.104302020350513	-3.3624479730131824	-3.306806110173316	-3.263861610524623	-3.5051713327020466	-3.7443431853324425	-3.7194342810656065	-3.720961731573959	-3.7097360514965323	-3.9263194428297257	-3.873036616641271	-3.933456592487818	-4.076050336495195	-4.010594792364362	-4.0446941899272835	-4.287578902432325	-4.170028386070588	-4.041677014156215	-4.180174026500491	-4.434060214345246	-4.306453553138151	-4.3866257749207405	-4.382502327825051	-4.486500323596432	-4.558651222007618	-4.555050460440953	-4.605264017336998	-4.5624403543333525	-4.696023641644386	-4.761820802394298	-4.713150781525139	-4.927171974705555	-4.955114289665791	-5.169217527090543	-4.9320770850617475
0.08818061080302447	-0.046194796950153064	-0.16014511164858422	-0.21760202556831942	-0.17713813254382277	-0.1638783790422299	-0.2923406242045163	-0.4679321439174863	-0.39785254563807715	-0.3166938454490728	-0.39737997697797	-0.6086131467251842	-0.6590260027762631	-0.5669820311524354	-0.6644392718485831	-0.8417172368473542	-0.9200135203125974	-0.8896730331785525	-0.753727277860318	-0.9244654188429802	-0.9783356791065785	-1.1402022849322169	-1.115170482053527	-1.1191235856458488	-1.2872415626726104	-1.2960138788021365	-1.3396220798432483	-1.3120531114621654	-1.5024499802108144	-1.2915138878662247	-1.5518780379586774	-1.602615903030655	-1.417113731068428	-1.7181605140684142	-1.7767566008269415	-1.6693493514633633	-1.7865190232831019	-1.7684414008352525	-1.8474459081301127	-1.9408777319974722	-1.964710570206629	-1.9119049954391494	-2.3397164030041617	-2.0685622111265736	-2.3635804831140903	-2.1695205996156774	-2.391962181739955	-2.3113224073040466	-2.4885246743623664	-2.386194246808647	-2.4075837397831807	-2.545470101108027	-2.5795276631735033	-2.64112334871268	-2.6044679042930383	-2.542856170993027	-2.9528045340486844	-2.863088665769637	-2.9902041222878593	-2.9253261990985098	-3.237756228204299	-2.9542553470055117	-3.1299858497322233	-3.235084799905645	-3.2684577001262665	-3.263904120781836	-3.3160648986053056	-3.2072352598668203	-3.2859233827903993	-3.652066855494413	-3.5848678087595514	-3.4903451820161	-3.4657873023132324	-3.68694463327882	-3.7348089668354545	-3.675345704316765	-3.7203202174398022	-3.7373026474405178	-3.9159298938674154	-3.99957558807196	-4.1707107500874265	-3.9783128019407736	-4.192474003299773	-4.274562030136078	-3.9769247594193695	-4.114722414875118	-4.285272371062674	-4.497161297627526	-4.4885227607641855	-4.394260340220489	-4.398381941899037	-4.569853523860687	-4.669134624406377	-4.689658056559809	-4.771544652441728	-4.8654769367259325	-4.816970873002489	-4.77057805731593	-4.8923228760953785	-5.112192791945603
-0.13906462269562192	-0.06853978230223129	-0.19595205529622134	0.054489129199182224	-0.09911860130377921	-0.3120810657382161	-0.21973491998987543	-0.3262572865713145	-0.39943153446840307	-0.590183191760498	-0.383781649926094	-0.5542522264878128	-0.7201673079360047	-0.5301053326595295	-0.799736012739352	-0.8342243461797552	-0.6296563538025011	-0.7867271256057136	-0.7651422626805351	-0.7296476539361263	-1.0885966575739334	-1.1608954200658663	-1.1495796000467242	-1.1443968075618498	-1.2490864874620407	-1.0823464164435146	-1.315763017957387	-1.384230104792478	-1.4511216433795422	-1.4835803652207429	-1.6475507872852084	-1.4680154101138976	-1.7278358941133656	-1.5746284160259718	-1.713322901184203	-1.6992807853937368	-1.6756366977281392	-2.0529101818544735	-1.9399266327325912	-1.9040614077844744	-1.9834095587643759	-2.0510142286573876	-2.0374779970031467	-2.2340503426186733	-2.3754770990831933	-2.2649865828609808	-2.4476644761079687	-2.2875063085324574	-2.6462921261214523	-2.5265216299831574	-2.4125475083054884	-2.5473081849868344	-2.521565310963381	-2.7845206100443596	-2.684106178541777	-2.622106710395107	-2.958954236709883	-2.9132302117290476	-2.9395620381222622	-2.7732993410850475	-3.0131523708335957	-3.1019593198886755	-3.154638735457685	-3.080543177300188	-3.2819018390405272	-3.2327247542072874	-3.4511550092568015	-3.466364283232112	-3.410160058154039	-3.693282673961812	-3.6148595953104476	-3.7470958065736224	-3.6407254850588555	-3.6145266245546526	-3.70839448992585	-3.9270012349679093	-3.7372333291034807	-3.775350552517649	-3.8893521231522468	-3.9657266374575673	-3.989606184711121	-4.210116813862327	-3.952503720875316	-4.24416666142775	-4.4354684428676165	-4.344495648882227	-4.339853605800265	-4.411666860635071	-4.557031792096574	-4.749410644695565	-4.418948065906531	-4.699290394412023	-4.6938798548810885	-4.610584331271443	-4.768789051461638	-4.80987647803952	-4.91888682553551	-4.785829932803228	-5.090449755110164	-4.907841216907182
0.23974330951339945	-0.09185863865911562	-0.12519888872365514	-0.33545593215611413	-0.04537018285141117	-0.08252334805575312	-0.27139963306375375	-0.3924889732707523	-0.4632583324266905	-0.43900343535296665	-0.5855522073394661	-0.7049593672986798	-0.3621932751819996	-0.7476573811061835	-0.6801898530632801	-0.7168040828261094	-0.8904550672663012	-1.0535392314342227	-0.8316119361955081	-0.9362208710444886	-1.0920040207000117	-1.200966294301887	-1.0943971571561977	-1.17730523257523	-1.3020588302536167	-1.3449582451948978	-1.1396409173057844	-1.313273153942339	-1.3820617333553034	-1.3257340582154156	-1.5076158144305036	-1.6751565978923695	-1.6457011026757156	-1.6304029547401415	-1.788152868367391	-1.7738682386729334	-1.8493090166450123	-1.7524782965625896	-1.8972421629367509	-1.9212691324393758	-2.036739931441878	-2.034244956282886	-2.215748843597736	-2.121939186572864	-1.9514501977553729	-2.235327449196705	-2.2906233644799525	-2.215221545376326	-2.3432210142539702	-2.468197832726434	-2.490261393242373	-2.566001768568799	-2.6213608190760276	-2.481564530192225	-2.754006055976716	-3.0293899547694645	-2.7897565163516527	-3.024949596001296	-3.050226036648468	-3.0101644823412195	-2.957453000348771	-3.0663896476780623	-3.102979350529879	-3.2002120560493736	-3.247642477997858	-3.280122038890589	-3.469036509109241	-3.509636598829107	-3.388533580672151	-3.746983473315643	-3.6068356800248043	-3.564018361900809	-3.585799015686623	-3.8047127113116272	-3.7533083843165684	-3.9378156803667457	-3.9670365468255873	-3.880122109400374	-3.926069326513125	-4.0040343069766084	-4.1639060968942925	-3.9851184094867165	-4.132113797038887	-4.181150037327308	-4.374273505486175	-4.202533589227864	-4.224537142990933	-4.243851449147031	-4.447643870402769	-4.4789074727097455	-4.7542906171751484	-4.669720485501506	-4.466181850865099	-4.763966444484893	-4.797511155977924	-4.734052373248847	-4.9825789042588875	-5.01301135564885	-5.0716471142270025	-4.850858248492536
-0.10153258424112264	0.09390906414291045	-0.2988452186673658	-0.4655679826810226	-0.2071800513001461	-0.40196685889561246	-0.328551728669108	-0.5506709327527488	-0.23081610140528627	-0.5576897379643518	-0.6435915258154392	-0.3209637330139181	-0.6144436808902665	-0.6250126059056419	-0.7533339357554714	-0.6558905266100267	-0.8127130042978051	-0.8574250383475633	-0.9449849548103928	-0.9009005572203399	-0.9425851471597546	-1.0756508305849761	-1.0497993689851153	-1.0622375074774317	-1.1438134670048266	-1.2333728538677322	-1.3861805843432677	-1.4532565314661114	-1.3035220011528914	-1.5094633696086535	-1.5414216516092036	-1.534445560868513	-1.5781427005392286	-1.8574750315892823	-1.7440060708675587	-1.752991988830928	-1.853326395764923	-1.867422867342589	-1.76134949830844	-2.0506187904676794	-1.9278665296020654	-2.0868537896464856	-2.1054856951071605	-1.9911237890135711	-2.21572602607286	-2.247662768044046	-2.433905470834587	-2.309784309528264	-2.3254409390108	-2.3389953122780183	-2.546263818790511	-2.7158257049433434	-2.8518766771790123	-2.5540815855771766	-2.813222280456373	-2.7947593520654284	-2.6111813980458787	-2.52710198575613	-2.9601382119992374	-3.076936617932665	-3.0420472133900405	-3.065789777625929	-3.0635415247915256	-3.189259055598604	-3.0979728712581505	-3.3681203412064957	-3.4247915185619293	-3.2692761023833934	-3.2923564196451	-3.4198347838637972	-3.598594177767508	-3.7602568857631558	-3.506945574351528	-3.6166711347411016	-3.791452444679881	-3.7068349867355375	-3.6989544887170642	-3.799750578057085	-4.005526756473188	-4.042762504715889	-4.048390328652935	-4.048689086292185	-4.213590012836247	-4.274276558498435	-4.470276391523279	-4.40591021283592	-4.404082358496924	-4.389783562757555	-4.439858251168119	-4.622198703832754	-4.3976090351607775	-4.696966456511278	-4.464122237602025	-4.620604566342242	-4.854514476959154	-4.839278347837974	-4.743900732809899	-4.816544060821513	-4.928655027505131	-5.175199865636035
0.005669059626131208	-0.012368546009751527	-0.1264172998940386	-0.09555818457234466	-0.04222738347535274	-0.01852080078118365	-0.365497365551835	-0.301271699820138	-0.4492813626471193	-0.2564264082309581	-0.6099727448654989	-0.5145873403724495	-0.5923271477080398	-0.7464305045855014	-0.6391088627863579	-0.6574264579210027	-0.7439772923079742	-0.7678524490512144	-0.8654364215571378	-0.8066267322414403	-0.9881202475955141	-1.2152706926035852	-1.1274547473729513	-1.2179700127564819	-1.1616852277241692	-1.2070826204842764	-1.060866873339913	-1.4714604277027212	-1.3710776217081815	-1.2456020515717858	-1.6522832469595792	-1.5136099855095118	-1.788353109517435	-1.6297164690362973	-1.688714873335158	-1.5920267920123319	-1.6973034232364475	-1.9786455249781978	-1.9089477003645963	-1.9636011063351242	-2.02687604686763	-2.069892308033006	-2.0886155606966943	-2.1536011732918663	-2.2244823214506146	-2.1218443404161813	-2.628980827315973	-2.431083215765885	-2.4835210743976748	-2.569617975168079	-2.4766695831373764	-2.653962543297973	-2.5577374192615125	-2.6167472349195506	-2.7693692278921764	-2.777436909690821	-2.6495825269048994	-2.832658046518366	-2.8958413792751223	-3.0863189172292333	-3.1084619410424543	-3.2462527704752246	-3.200259792971336	-3.0989544083834537	-3.3977517076192996	-3.310908093671423	-3.1388012469686135	-3.3746238185596815	-3.349352799670696	-3.448751423048937	-3.514907724742745	-3.4889601785317437	-3.665915879242103	-3.7688114980565515	-3.699801641629511	-3.6900904349507115	-3.666656991047685	-4.043130809810926	-4.0245896982878016	-3.9747020727014983	-3.942648334372019	-3.9779372859746673	-4.02167688166698	-4.310151277914161	-4.319232871476392	-4.427559143266378	-4.323776640173388	-4.343332724647209	-4.4630212600205255	-4.513645668236808	-4.634281115852634	-4.7892073625077485	-4.733290837098381	-4.842786058287557	-4.7341044765915195	-4.77432236238966	-4.849110028343783	-4.936010332800975	-4.883693485079908	-4.914674036512382
-0.07147466221508424	0.04945177463917163	-0.24701585492800032	0.1476445085469377	-0.1921287115345589	-0.07660084206832493	-0.2585577989928357	-0.531590374468821	-0.25172970644047465	-0.6364710797620152	-0.5951147160218462	-0.6085099133928106	-0.4815811202421374	-0.5080927123363634	-0.5979072469588584	-0.8115659797374586	-0.8214619464293844	-0.9538822897588597	-0.9837660967492229	-0.9329038034233383	-0.9925277780284654	-1.1174022298876136	-1.1732874285323742	-1.1694197331804475	-1.2500860229615587	-1.193649854587111	-1.1212042204367576	-1.2615115626413727	-1.5383437518657195	-1.6490837484660392	-1.545213542451664	-1.652184256177779	-1.6819800761551917	-1.662737788810479	-1.5840883173309641	-1.7831388551601983	-1.8592767474248293	-2.115036879597129	-1.9674291240021988	-2.144319766373278	-1.8806829877166313	-2.250403336448437	-2.2207473090012413	-2.3266582214400042	-2.058871551331576	-2.393132220172387	-2.419040396264121	-2.455371806890141	-2.390048623131528	-2.5549707001465802	-2.405669139950651	-2.4920018948237694	-2.645385798732443	-2.6738311949007887	-2.6842060662556464	-2.780690065006096	-2.821260777891418	-2.8524600943839045	-2.972499320415944	-3.1195338377418027	-3.1704157752569837	-3.091991981869772	-3.1369335104084226	-3.042605851507168	-3.225140618985451	-3.196368491703725	-3.35846431983906	-3.43389905274233	-3.4328152335887006	-3.456523149586631	-3.254280270432781	-3.562503605376627	-3.406496760892644	-3.833856414544284	-3.639215168771217	-3.822051004239314	-3.945824061852099	-3.901406274865695	-4.035006587728483	-3.892015720784679	-4.136450306965463	-4.117894566198933	-4.153808377601797	-3.9456859618596427	-4.271155778569345	-4.306383691227512	-4.410889250375617	-4.3950401353142095	-4.482651797257407	-4.323749773621401	-4.526008375050007	-4.349046238552134	-4.77704852477629	-4.7139817314471415	-4.844701297319483	-5.02361826921017	-4.768259739070562	-4.946107532564143	-5.023623062294979	-4.908017752105697
-0.03172870443517927	-0.006196200378740975	-0.11532940018619373	-0.26052521457352384	-0.31345231397758466	-0.37881817683513164	-0.08836851505840762	-0.2700697678357174	-0.4411542876768414	-0.5411294072739774	-0.3672909575065255	-0.5535047619552643	-0.6343150236484515	-0.6197570661323379	-0.7207836172358199	-0.782227207938657	-0.8688061111890346	-0.6780694594417125	-0.7326828325420556	-0.9462067928900343	-1.009351590899529	-1.069324230365354	-1.0809878755742481	-1.2190965775324596	-1.3642680877804227	-1.1899810350365125	-1.3710231816452414	-1.3414114653001572	-1.456274968204902	-1.39940902681331	-1.5975743263333726	-1.7634822618882897	-1.5530383632304852	-1.6944701314612634	-1.725564933431226	-1.9524961325074803	-1.864550250982015	-2.0963596520820666	-1.7956246469705337	-1.868884679593147	-2.0645936680120385	-2.1653015823492834	-2.161648543147189	-2.3033244386368668	-2.227935522540105	-2.2178121934518904	-2.3680298637093435	-2.4583138999921315	-2.514589955631295	-2.523612202539566	-2.445736275467235	-2.5358182364860875	-2.685550618567568	-2.777076237141476	-2.946039716720083	-2.7447658927957215	-2.770413213874707	-2.8695239128496297	-3.0360410433862564	-2.994740531918282	-3.166351501765505	-3.2117313108940353	-3.0867146652121757	-3.177480087585274	-3.2449457862036395	-3.3099183672354497	-3.293319978451737	-3.3131159328127717	-3.4174357276092056	-3.5766800182552876	-3.3506654662537643	-3.5716589728453303	-3.6944809131349725	-3.7359049312471306	-3.681037512598991	-3.659886365089454	-3.8600211513484592	-3.8365290642154055	-3.8465104836814805	-4.123423602240889	-4.037360131252181	-3.8870211570243254	-4.0639442492485545	-4.179382803128548	-4.3104152704545236	-4.070830516480214	-4.257467839690699	-4.426125190153008	-4.379782527877042	-4.404451291042302	-4.541207363185312	-4.449108363392786	-4.572354880628096	-4.73510710176393	-4.7482637265104195	-4.725719988748309	-4.857332233210743	-4.879022448695576	-5.016645908131049	-4.960612013446142
-0.20188288136850133	0.07846488492243198	-0.08935040319407211	0.026970704873614137	-0.1813368476281502	-0.24750527169671166	-0.2719621810448256	-0.5231707714992804	-0.5245005187189216	-0.5996808378310953	-0.5287035701029509	-0.6195333667746517	-0.7791115454534867	-0.4485144568173089	-0.9444942207028253	-0.7646931159544823	-0.7844050571300072	-0.6925322925045144	-0.7895212893235575	-1.002519556213376	-1.059457763015412	-0.9879170747700992	-1.0296590228899754	-1.2121454933628952	-1.1568650546122794	-1.1693306343247978	-1.3581177741232955	-1.3469142133884098	-1.560527352307036	-1.3299219169905288	-1.3421898540526855	-1.4195452437721743	-1.5139708305666222	-1.7688294404978169	-1.7371233560256685	-1.8055278454783568	-1.7342560107962448	-1.8265921906626112	-2.003292860137764	-1.9951263767988046	-2.0063921281911186	-2.197990052829823	-2.096065526115194	-2.0551464414897587	-2.3772208354424658	-2.21476209200976	-2.39080592058067	-2.6380644380263876	-2.430842103195517	-2.5572926517489103	-2.6038306702362517	-2.3500148005690304	-2.641711172789003	-2.6058665761699116	-2.6452518689056443	-3.032963864181836	-2.9150022885473197	-3.094828441854723	-3.0233815006909737	-2.9570677145682	-2.8702895603443586	-3.1137349602409863	-3.254887680149093	-3.146770748807936	-3.2552337512238982	-3.2511034794217766	-3.164641786452339	-3.355328229034969	-3.470026923316648	-3.3278008255411997	-3.4664888663210935	-3.687494115151783	-3.7098825549367915	-3.8386526292542817	-3.87458924710345	-3.6330999749574966	-3.784941791278594	-3.895987683408502	-3.9186937533655666	-4.077575578860412	-3.8891528810619995	-4.078085603226053	-4.024593043972996	-4.228788252963717	-4.135925912066188	-4.369212615957616	-4.1853468610285605	-4.452940279934769	-4.459189508553016	-4.672868345593716	-4.584750496540378	-4.738828730288395	-4.717997685202865	-4.5556923963930425	-4.640099878575176	-4.779038790371545	-4.9157102903144505	-4.800122603965941	-4.825807827080685	-5.035667171953529
-0.07150599607510326	-0.19508610930380463	0.021912285592887923	-0.14024737431604475	-0.1294162154771928	-0.20007055217699488	-0.3937923775673717	-0.43582277388209667	-0.44345780003164326	-0.4092631697224886	-0.7806095042993018	-0.4311381282294681	-0.3683815310042242	-0.7412065970294975	-0.6483425141389766	-0.6180019383453706	-0.8074336757625069	-0.8883528707923442	-0.8594653940748794	-0.966693689392704	-0.9510307166888013	-1.114220230305389	-1.0327416667863552	-1.0304491338202477	-1.2750018470499813	-1.2257968564665924	-1.3534247305646228	-1.3218624213409693	-1.3927830295369432	-1.3012052143700366	-1.556562032355731	-1.3510011209228534	-1.569575857633648	-1.5127870259887697	-1.594481196826646	-1.730838724238779	-1.680529858180934	-1.8858485627692192	-2.0260823622202246	-1.9535095825176216	-2.1589738516964556	-2.028971515066748	-2.187601143674565	-2.1216150392002735	-2.280968054894198	-2.100489620198994	-2.4313569214940647	-2.4773089340624255	-2.4974508376249416	-2.3334759698748133	-2.460978351648884	-2.635227982497189	-2.6115568686448833	-2.665416643605398	-2.603521886769795	-2.7254008538348358	-2.843060810372945	-2.733168382735217	-2.9691333886007123	-2.90562806519134	-3.0520684937002938	-3.077292181289463	-3.0342183466025556	-3.2124119239590474	-3.051523489981412	-3.2963950896860914	-3.5033838075017742	-3.4038025152554403	-3.2296107781982863	-3.412947020599285	-3.4162819537997144	-3.4353275472126663	-3.7320631735144154	-3.696698204538951	-3.7247212863148023	-3.715737895282659	-3.9092820507995523	-3.9350800091477613	-3.9743094943271187	-4.051364942261133	-4.12254462810397	-4.082639693566031	-4.254399145289997	-4.14796064460982	-3.9956767294516373	-4.503028525373505	-4.35994876889012	-4.5346031443831025	-4.426803759085437	-4.4387035816257185	-4.627288043930896	-4.6140497834464345	-4.659916706827898	-4.662485374639692	-4.771260929456943	-4.734209416744295	-4.715125015664075	-4.8858815684496255	-5.206685765440152	-5.190129957872322
-0.05719429522866672	0.05289690753074119	-0.09239583511989961	-0.27094588849824147	-0.33756826368318893	-0.1773899001149365	-0.4025325474071534	-0.44894711144623545	-0.42570306894993865	-0.3894642638885679	-0.6429723642797658	-0.6873972590473892	-0.5626738990463543	-0.6240283530728652	-0.796815050168141	-0.6038155765281653	-0.7688996678647513	-1.1355107703815093	-0.935107580781202	-0.9101591150062037	-0.9130317019351246	-0.9219276892992988	-1.0576842787381409	-1.0297995211375537	-1.4262719082864082	-1.1275313393095716	-1.2813689669048651	-1.3010919149465627	-1.4838302131602186	-1.4584396500641679	-1.300842509577707	-1.5780934354189553	-1.472527997082601	-1.744160844013582	-1.970251399613588	-1.7594551063392123	-1.6538419470700652	-1.9889356605218393	-2.025066273690847	-2.04188375548171	-1.993850700745023	-2.0748056001166684	-2.042461780807055	-2.4272303695123725	-2.0727387401785866	-2.2217885816684184	-2.3420727405105857	-2.4258913940829685	-2.6791242189413103	-2.5634486376686443	-2.543708972466848	-2.4439738358747616	-2.73304185537384	-2.7852103742526615	-2.8571227722463823	-2.936621993035339	-2.664999031081596	-2.8229144054628965	-2.8923389539286823	-3.002025642223184	-2.9190796125704943	-2.8806987455652817	-2.946480323865678	-3.217752139737588	-3.019629280076106	-3.2318281600209073	-3.3417158959019777	-3.3997816439689252	-3.3660656892740466	-3.4911610978763976	-3.4308436883417084	-3.6361495417172294	-3.6645579679907123	-3.6979542376705794	-3.608372304161018	-3.644629973894749	-3.7394641237605297	-3.8108490218575914	-3.9692489021068282	-4.10914901525254	-4.09709133338865	-4.1017822763403595	-4.035454554830302	-4.101190287802611	-4.230244234964224	-4.062807573198964	-4.332344832884749	-4.406144961418974	-4.363864088166	-4.510700218372524	-4.553918069753095	-4.667150625721883	-4.608756091123607	-4.882725181011105	-4.559262501361578	-4.802290649788966	-4.723364968346539	-5.046102492284093	-4.934367323490039	-4.917899072647645
-0.0892819556729173	-0.13090342768140362	-0.07863732796409871	-0.2760007337956035	-0.16061254436447805	-0.22138413027162424	-0.44915989847060334	-0.2755877084234405	-0.4295033062150301	-0.47946756275731256	-0.6717009821249783	-0.4096011200840941	-0.6339129179511876	-0.786808927378258	-0.9088809187556082	-0.606351999884689	-0.8450962155658632	-0.9188898093144983	-0.8195737444506508	-1.0028476334559402	-0.939553821995636	-1.2887234610705134	-1.1781324627114687	-1.1494858701163633	-1.1602259237219845	-1.1968702726643738	-1.2332130515015227	-1.396076941453632	-1.3683987953343395	-1.580213417948261	-1.6000640246447513	-1.481619681107398	-1.508320916700871	-1.7357789108190969	-1.6547252971226718	-1.7764803598861407	-1.780885340750711	-1.9277243087183484	-2.0197931562211084	-1.9430345523713886	-1.6595383721530763	-2.1572148191946634	-2.214796727845839	-2.2557745145583272	-2.3140748885468647	-2.2409559799241068	-2.225476351242464	-2.4217856797013075	-2.476922428609258	-2.64400486781106	-2.500065551645011	-2.4997148720755806	-2.746436897549949	-2.694621508874376	-2.747504787976921	-2.780436143950313	-2.935529507622335	-2.92165724919145	-3.0795247794996334	-3.0280709674545743	-2.944318930002359	-3.2656883295296497	-3.285286194319846	-3.20882817935879	-3.1843959378747058	-3.2742288344808848	-3.4353902906536398	-3.3006749353103144	-3.543448415816169	-3.4607351609684076	-3.516200669694339	-3.723001635573208	-3.741121518277444	-3.684099513411502	-3.8549333495659623	-3.9527351497844108	-3.9141592352602266	-3.9281298654702352	-3.8123233925179947	-3.9657883156202147	-4.075055004156041	-4.032624313456533	-4.134114120438389	-4.232327938801428	-4.297255671569109	-4.265932262061367	-4.304269258711434	-4.3605918511323365	-4.441536115619037	-4.572163510909905	-4.52799201098994	-4.733067375896059	-4.7493443772345945	-4.621598764493472	-4.652042356399231	-4.770755563583574	-4.741122816873429	-5.043440909603074	-4.818262691583457	-4.990004492832049
0.06559538868834018	-0.17194614472411776	0.004871332578440496	-0.08337180148754539	-0.17757623491348365	-0.3651498817846093	-0.3201114640542093	-0.3700739131258645	-0.49014069859760817	-0.4553616769527577	-0.5764320820338099	-0.5864453472802772	-0.5989536993067617	-0.6858169335895001	-0.5826368446178619	-0.9372295017865515	-0.8610072493521164	-0.9129946074404485	-0.9652043563774986	-1.0639110492676527	-0.9664300386412699	-1.0394219366162694	-1.0553479913907324	-1.1646940488172692	-1.2950980083551689	-1.195292489638103	-1.2170847041314572	-1.3411555458398152	-1.4045517477341396	-1.525448360932876	-1.4058414614230244	-1.476070667890883	-1.8032319412763926	-1.6704510685141936	-1.9851088937974095	-1.9057980816103945	-1.8569000156321227	-1.8666391975245131	-1.8578302391402275	-2.153253891634307	-2.0565379466207894	-2.219064539934083	-2.1215874518421507	-2.0493740223598635	-2.1912134732897544	-2.2074996897749672	-2.3384096326436286	-2.264131875827675	-2.4888825550008975	-2.553084523811159	-2.5339109548810717	-2.6304751997990374	-2.70512301692072	-2.9232188576282847	-2.654746062975156	-2.607946416468887	-3.0086652756848657	-2.809255314915444	-2.8243399367087143	-2.9855437574818	-3.0990644981949544	-3.0927172090681934	-3.189095466891047	-3.2915408871729626	-3.4122689370711683	-3.497511678456137	-3.239913730707727	-3.3562536306087534	-3.3269953110879826	-3.491755133143338	-3.4269761008524573	-3.629502447560208	-3.491146609423856	-3.7681873395145975	-3.811204736434471	-3.8453016767761343	-3.729724076941631	-3.8384559218785914	-4.016773180504883	-3.9326718284229476	-3.89382938385262	-4.080377037417184	-4.05933562288647	-4.086198521377502	-4.359609199180788	-4.197855491015217	-4.320549683712844	-4.286575824928113	-4.4414752803977535	-4.530176134136927	-4.555000506115637	-4.647484616590526	-4.591289477350006	-4.6853084114999675	-4.8569757939792515	-4.834357866748043	-4.767374120196524	-4.944268899655033	-4.844563401327227	-4.9574858616199675
0.017674731460437337	0.09703516463487538	-0.20829205497761938	-0.15700217427288804	-0.28096534684097907	-0.15426794009376446	-0.3645201759158681	-0.2933318598523322	-0.508192826775121	-0.49408798201742354	-0.6504005703870548	-0.3397679079373516	-0.5789405704694645	-0.4856432171062731	-0.6180182362990803	-0.8003701609612547	-0.7861693167587922	-0.7671634306043335	-0.9850845504848998	-1.0008551837422617	-0.9974447309116425	-1.1300639868258948	-1.0714080579832423	-1.2112198212266496	-1.40945937586425	-1.3373915324920982	-1.2853973649715635	-1.1879481983422406	-1.3986860156804046	-1.6777084852235666	-1.4430667400160326	-1.4783641385220179	-1.4563044719488485	-1.5532809819837994	-1.510674903917844	-1.7142014628429387	-1.9234873663931478	-1.8598697403786477	-1.7224768318111747	-1.9566495762810905	-2.1424481367467494	-2.0687773501578666	-2.1946927771731017	-2.3708028577890596	-2.111019959968137	-2.2885167494793652	-2.1680703564622905	-2.492935324986416	-2.3225735289015756	-2.3401461079438866	-2.7180734705321847	-2.6420323688506393	-2.7285036921454537	-2.6181064440445865	-2.943447391192162	-2.9961476837321404	-2.8442597798971616	-2.839833846943665	-2.8121375949443976	-3.071478658192758	-2.9328009177737413	-2.839558151522933	-3.2355472834050443	-3.239500356725888	-3.3223067277450697	-3.2226909380957984	-3.4824211761932857	-3.3814599167293538	-3.3775153028437077	-3.4510441565566192	-3.6639219801491363	-3.615284412975738	-3.8335963439498824	-3.6076575819828243	-3.9179511145498216	-3.7516351792993285	-3.844153480608565	-3.7483546986521152	-3.7833421579121405	-4.086047265327607	-4.214644663494241	-4.2057293632864665	-4.114920105678929	-4.279823855352504	-4.284455176022689	-4.307192499482618	-4.2518365041379855	-4.3376551114625235	-4.455727922401607	-4.460025173392287	-4.505776726057052	-4.557213072193468	-4.625028197969752	-4.622997597439889	-4.663030787800232	-4.835661733085238	-4.723070245783458	-4.786623944343586	-5.002902254893406	-5.145926340211584
0.043570034233707	0.16892353247318437	-0.09892308659212463	-0.27548895864733836	-0.3282584123027801	-0.2906288828172221	-0.16568696548152867	-0.45334123805801185	-0.2659695887336144	-0.38906737323038776	-0.6055236753291033	-0.5349968405084473	-0.4412240939652722	-0.6779778743181227	-0.6683926022095906	-0.6817865909088444	-0.9225637179854815	-0.8135864784635751	-1.1283857408306393	-1.02585106811221	-0.9370744725414871	-1.0291542438973351	-1.1866758486341027	-1.2337003403216145	-1.2638818317311609	-1.2769404189404427	-1.227502113176704	-1.4530703262002742	-1.589141096145529	-1.4593209316763	-1.5841296610543725	-1.4535848455285325	-1.667292327946146	-1.6402530100544503	-1.8514999123007527	-1.8096269044279774	-1.7868685153581194	-1.8832282013535169	-1.8907793219717757	-2.0603808044578407	-1.8960372192939738	-2.1089548513256484	-2.2334564628030487	-2.143640297328771	-2.156615091003148	-2.2876917128346834	-2.4957371183021717	-2.523831806879675	-2.421907137087208	-2.6197181356616315	-2.4103276157598086	-2.58147839630827	-2.684855471527358	-2.5788039659446143	-2.7885076576895615	-2.6614669730037246	-2.840297200406387	-2.859702540240968	-2.9920957913552217	-2.9533675363583036	-3.024108608493977	-2.879090612445018	-3.1901687480631855	-3.2257736843946407	-3.237015559927165	-3.131059257376005	-3.3921294393735053	-3.2578517465617796	-3.5584588373103085	-3.5515146217755826	-3.5819176313520846	-3.5233348733908127	-3.532186329608027	-3.7699792921031148	-3.7161230048120437	-3.8039369873431856	-3.905068831369855	-4.012765092570996	-3.910461161397078	-3.9232080038704655	-4.041638270350499	-4.045806722567357	-4.233881219952207	-4.230718014799637	-4.218069551067348	-4.055050325410704	-4.427034627911534	-4.6331845528005635	-4.46443664782113	-4.58585663537646	-4.639433660620303	-4.639191822577487	-4.648844449078963	-4.60859885336215	-4.741506971887381	-4.73593964339453	-4.696436861005016	-4.989005721871596	-4.867819792309332	-4.98036367885896
-0.09242231632102035	-0.0850228810263084	0.019759253999109022	0.10917080435191248	-0.09416965478335348	-0.24948570660676697	-0.36187637602848427	-0.2861122900112326	-0.2800046285354543	-0.7466651013705776	-0.704210623992827	-0.4006664207088916	-0.6710545294598319	-0.8526307573257396	-0.5659377200015326	-0.5376392342204408	-0.6905070185293126	-0.9157507321775432	-0.6898572357452534	-1.2411673745923628	-0.961831870608276	-1.1220581333204693	-1.072574324098925	-1.171339690370425	-1.1980382711157285	-1.2737134274543906	-1.3749091739756958	-1.333606331852516	-1.3763241087402167	-1.5920241054662179	-1.4003225446292196	-1.6318311974267168	-1.5858935410055313	-1.6378445441566531	-1.6362730281678979	-1.7433455521223618	-1.92360843636523	-1.8914573592709099	-1.8315056510877066	-1.7108100740715915	-1.8662123890957205	-2.124800108797216	-2.197615005750354	-2.2353249576120517	-2.170731215013641	-2.243480810282848	-2.2561112635973934	-2.2973449194097886	-2.391387622265769	-2.529842771743976	-2.3800194887787063	-2.600887956085441	-2.6015084265477424	-2.6736745526946026	-2.808273816440941	-2.946953563680622	-2.986918135766631	-2.896817319722678	-2.938871713507071	-2.861042032166173	-3.121490150992618	-3.0726598272102734	-3.1738170943683097	-3.1923120659505066	-3.194854350004071	-3.1509579921876343	-3.2921601490701193	-3.471716363731229	-3.5400954753535383	-3.469476780501939	-3.445543325667658	-3.585017326107687	-3.8943127709999654	-3.6485358190930404	-3.6490100978154723	-3.7023424478379257	-3.850241903181342	-3.8947957185975746	-3.942147259564397	-4.056422420551423	-3.99033704374537	-4.129030388199056	-4.262447557275513	-4.334850977737977	-4.312327988407627	-4.317915841056615	-4.217691219829655	-4.357303335626427	-4.296502877149842	-4.657598307489907	-4.53313332111361	-4.543214713783741	-4.769352596474455	-4.600431048509115	-4.825953412116055	-4.764353409770901	-4.703703818699988	-4.927926464542363	-5.069614574239727	-4.8229084870212935
-0.055862672690795104	-0.16288166891494632	0.13109576496979158	-0.28772137062785896	-0.06188727597698476	-0.22290619951101975	-0.33095571522157846	-0.4276215976106002	-0.30841784560856617	-0.4099539929377961	-0.503287781162935	-0.5415902149381069	-0.3489800204070233	-0.57100076617499	-0.8482481832257381	-0.7282843596017393	-0.7835517364720371	-0.9438922079194878	-0.9586675740842229	-0.9951509166910769	-0.9014082905487869	-0.9524970182410676	-1.0380645996057039	-0.9912304004154707	-1.2660516190624904	-1.4060338580178668	-1.2652792658126362	-1.2338425875416692	-1.5048459891835704	-1.4512860179500473	-1.4351905784208836	-1.7162881637952823	-1.5822539400190505	-1.663159552296338	-1.7803781823844487	-1.9289697024785282	-1.8504872221448632	-1.8287906065118429	-2.1758317836354144	-2.0803821019312663	-1.8556558061978958	-2.0900710928183366	-1.9904991536521777	-2.0302692343173345	-2.0539668733843244	-2.3556531616962904	-2.3658145293632433	-2.290364268774682	-2.5708284592708797	-2.4898049880728292	-2.6675209366797916	-2.6281701048112343	-2.6397509498876564	-2.630754547520701	-2.8763264739186076	-2.7103452102549204	-2.8080208225798113	-2.8512284529944867	-2.823834198793129	-2.9700250587752386	-2.9135618668431387	-3.03810837990273	-3.232177705962301	-3.1423240318873256	-3.344425908886477	-3.0694297777975743	-3.2391776101353287	-3.512778322821551	-3.3059923025977445	-3.581029742391189	-3.5833523970322276	-3.5182921232760878	-3.703014365428608	-3.7569590711900838	-3.820037782600706	-3.867810223694311	-3.900824156133982	-3.865702587955404	-3.831623703657717	-3.9410959880993737	-4.07899117763859	-4.031701567939035	-4.02716687831561	-4.3073432548306165	-4.415266036783351	-4.139208975288592	-4.310826517531579	-4.290670846328919	-4.404651196275686	-4.592762754780629	-4.64853246934006	-4.62509885602026	-4.650386255669821	-4.582375458941453	-4.977564528208385	-4.776091226671465	-4.910125040689167	-5.062520746001146	-4.910893431010773	-5.081809632702223
-0.1057992264764705	0.014464928779520055	-0.10964424487189783	-0.3258752476407538	-0.27733845408515073	-0.27619125929663957	-0.26235603475798075	-0.23595958334159622	-0.47902638386337754	-0.43095050930667217	-0.6042093744960535	-0.5381519214531961	-0.7294347014957062	-0.6946376639276785	-0.7969473502801743	-0.8363135148600769	-0.8174285786582549	-0.6405414954901345	-0.7864801627891579	-0.9090168822977192	-1.0767175001543374	-1.0428078517631338	-1.157044811337245	-1.0050480049635724	-1.1483206314796839	-1.108685410215237	-1.275932313636512	-1.3459962659679863	-1.3896378653935602	-1.2472516993925786	-1.4755115606877962	-1.682137314877064	-1.6527937162768696	-1.6428437312453452	-1.7803863810834295	-1.7349909830439332	-1.6984254974962396	-1.908688087860127	-1.8912201180109662	-2.103473382418671	-1.9443641152388695	-2.252683923831177	-2.1857830396719815	-2.0649116658767697	-2.0668049406430438	-2.2466730198659075	-2.2745672293603634	-2.3624816880473523	-2.581669777870436	-2.764177960620651	-2.3944797912700424	-2.6361463984812157	-2.7623781909992493	-2.692578497512954	-2.7126857483965594	-2.695420764948275	-2.819565949875644	-2.9299404472044923	-2.8560990573683176	-3.0145169934705502	-2.819762223717005	-3.102138852348579	-3.1642980640736016	-3.2623610992413736	-3.1810511326928887	-3.407072660997913	-3.4394253697840464	-3.4465151017790303	-3.501046650300767	-3.5835001396209187	-3.382164904082858	-3.594526395788412	-3.6568798547899632	-3.755821584289393	-3.533147371244979	-3.7906146150256124	-3.685645328451506	-3.8605106856979092	-3.958014829136202	-3.933431974475492	-3.9621798641191686	-3.890605991486494	-4.179488481014063	-4.158351608311617	-4.192417947151411	-4.3467923372324195	-4.31889812865732	-4.426953271167022	-4.486623187496207	-4.42227175845836	-4.46014739889554	-4.775240805346978	-4.8576822921068326	-4.5799862412386485	-4.693367400195153	-4.692923700704831	-4.812021523034324	-4.764940363773546	-5.0332052497137845	-4.846821238237183
-0.015571289172975941	-0.11925742893931948	-0.15433439838031565	-0.17905978593862998	-0.14590270743308248	-0.2823050968632145	-0.2583914661820516	-0.4949814009354838	-0.23599170120916343	-0.2588114189976978	-0.518039033498073	-0.6861042589616324	-0.6100882012923765	-0.6187325403817204	-0.6680827414995818	-0.6350599565342427	-0.7575369865294809	-0.9664967118971405	-0.7646059479319571	-0.9763247002728048	-1.0599638653066017	-0.9976691329103005	-1.2699627424561188	-1.2213858684948977	-1.3927525412784463	-1.1289371799696828	-1.514813875281056	-1.3291941482670107	-1.339761103511286	-1.5421731385954383	-1.4039702678561163	-1.5148752325604795	-1.5674993421759822	-1.6272966433115317	-1.794391988617139	-1.7585856311426535	-1.8360004767716247	-1.902038048459323	-1.9163627989385614	-2.007055573106202	-1.9160587271664473	-2.1655378531836935	-2.1383165587636204	-2.0643379497906307	-2.054642990855362	-2.217325350059719	-2.4058851366310154	-2.181401382855212	-2.44061411342388	-2.555001129871936	-2.512423086092854	-2.6515678704427033	-2.5662277499627524	-2.7323003408428135	-2.657484501330763	-2.701975451138528	-3.0161406055393067	-2.862940745690537	-3.0232229836940117	-3.0462641135284123	-3.1138059135494984	-3.1628638040384605	-3.0320910797655842	-3.075568223700493	-3.1900736901818214	-3.302443137715966	-3.4785702656970945	-3.278858814832579	-3.6008947551729142	-3.7057206647542316	-3.5010864379637336	-3.6645419455465293	-3.4757326558041806	-3.5552925517748744	-3.8966576444923025	-3.693169804212531	-3.8512571360242442	-3.946798615544532	-3.9429450840438394	-4.029126759978285	-4.161473357891233	-3.9945914691683733	-4.026619512511006	-4.241919651859582	-4.084993028327052	-4.33269293167275	-4.234862545269065	-4.462699684214336	-4.205297078955049	-4.739479600693335	-4.631386279950265	-4.442451538743281	-4.642756162926199	-4.559336399744763	-4.739150423236426	-5.07098557283814	-4.713983350605305	-4.769880561723157	-5.0535686331791005	-4.966430096228153
-0.01587966445445775	-0.10731116724430353	-0.10349087402522604	-0.16728742152766135	-0.10946795662079836	-0.2985218928820449	-0.33600841245602836	-0.4522430259583193	-0.31961061344805136	-0.40820777257919644	-0.399399191563658	-0.6210026479730175	-0.6498495447243543	-0.706649657429256	-0.6570513051063557	-0.6297676103524831	-0.9251762733103636	-0.838479059300566	-0.7220745502710206	-1.001358253914791	-0.889367539106425	-0.8936361044690073	-0.9773293588491642	-1.2120797557266871	-1.1686306257271741	-1.2183704997766036	-1.4559701947319568	-1.2810646901329872	-1.457060460129234	-1.7609079743131548	-1.320626431979853	-1.6264019863948047	-1.6738202195305647	-1.672629956219797	-1.7386297463940137	-1.9613138778019883	-1.6598018943969841	-1.807230282843446	-2.009088875311182	-2.024110793337512	-2.1314546530384555	-2.1162714059056316	-1.9973369216080201	-2.230026578446882	-2.19346104231129	-2.254754423858819	-2.4100805643894008	-2.4322034954932765	-2.4389399506657186	-2.3723721971078278	-2.585643189577186	-2.5237906894467192	-2.583710408502778	-2.6621643102995205	-2.57948520412134	-2.8131001829135798	-3.015627886631203	-2.9456091583802566	-2.9402727660377446	-3.100140279769735	-3.1144685757001738	-3.1166449428510195	-3.1510029855017847	-3.165990865504238	-3.1821487616660025	-3.343872120901261	-3.206207050444589	-3.548668056153653	-3.2764061041884602	-3.4100661239401555	-3.5122082710163	-3.4760031816597787	-3.564374411402035	-3.815008712945671	-3.700794032863545	-3.711080084023188	-3.8507049009091188	-3.7839676778438998	-3.7660125095450376	-3.9469324001908923	-3.906635197515166	-4.2267712763306	-4.118293107325788	-4.201114230128111	-4.42218205205435	-4.287213817832716	-4.354906458720264	-4.219312056646393	-4.248612338992988	-4.456225311339312	-4.658116356385664	-4.702203069796284	-4.672107430489595	-4.868182603793842	-4.943907386086766	-4.795938462242594	-4.6893478741778925	-4.956856328437656	-4.915335362014314	-4.959149434695009
